Store,DayOfWeek,Date,Sales,Customers,Open,Promo,StateHoliday,SchoolHoliday,StoreType,Assortment,CompetitionDistance,CompetitionOpenSinceMonth,CompetitionOpenSinceYear,Promo2,Promo2SinceWeek,Promo2SinceYear,PromoInterval,CompetitionDistance_was_missing,CompetitionOpenSince_was_missing,Suspicious_Zero_Sales
1,7,2015-01-25,0,0,0,0,0,0,c,a,1270.0,9.0,2008.0,0,,,,False,False,False
1,2,2015-01-27,4806,532,1,1,0,0,c,a,1270.0,9.0,2008.0,0,,,,False,False,False
3,1,2014-03-24,5248,696,1,0,0,0,a,a,14130.0,12.0,2006.0,1,14.0,2011.0,"Jan,Apr,Jul,Oct",False,False,False
3,3,2014-09-03,8659,843,1,1,0,0,a,a,14130.0,12.0,2006.0,1,14.0,2011.0,"Jan,Apr,Jul,Oct",False,False,False
3,4,2014-10-23,7177,788,1,1,0,0,a,a,14130.0,12.0,2006.0,1,14.0,2011.0,"Jan,Apr,Jul,Oct",False,False,False
5,1,2015-05-18,7173,707,1,1,0,0,a,a,29910.0,4.0,2015.0,0,,,,False,False,False
6,4,2013-09-05,5564,692,1,0,0,0,a,a,310.0,12.0,2013.0,0,,,,False,False,False
7,2,2013-01-29,6480,793,1,0,0,0,a,c,24000.0,4.0,2013.0,0,,,,False,False,False
9,2,2015-04-14,8416,708,1,1,0,0,a,c,2030.0,8.0,2000.0,0,,,,False,False,False
11,1,2013-12-30,11656,1568,1,0,0,1,a,c,960.0,11.0,2011.0,1,1.0,2012.0,"Jan,Apr,Jul,Oct",False,False,False
11,3,2015-03-04,8625,1154,1,1,0,0,a,c,960.0,11.0,2011.0,1,1.0,2012.0,"Jan,Apr,Jul,Oct",False,False,False
11,2,2015-03-24,6661,997,1,0,0,0,a,c,960.0,11.0,2011.0,1,1.0,2012.0,"Jan,Apr,Jul,Oct",False,False,False
13,1,2013-12-02,9071,585,1,1,0,0,d,a,310.0,8.0,2010.0,1,45.0,2009.0,"Feb,May,Aug,Nov",False,True,False
14,7,2013-04-21,0,0,0,0,0,0,a,a,1300.0,3.0,2014.0,1,40.0,2011.0,"Jan,Apr,Jul,Oct",False,False,False
14,7,2013-09-15,0,0,0,0,0,0,a,a,1300.0,3.0,2014.0,1,40.0,2011.0,"Jan,Apr,Jul,Oct",False,False,False
14,7,2013-12-15,0,0,0,0,0,0,a,a,1300.0,3.0,2014.0,1,40.0,2011.0,"Jan,Apr,Jul,Oct",False,False,False
15,7,2014-01-05,0,0,0,0,0,0,d,c,4110.0,3.0,2010.0,1,14.0,2011.0,"Jan,Apr,Jul,Oct",False,False,False
16,2,2015-03-31,10548,961,1,1,0,1,a,c,3270.0,8.0,2010.0,0,,,,False,True,False
17,1,2013-08-19,5084,768,1,0,0,1,a,a,50.0,12.0,2005.0,1,26.0,2010.0,"Jan,Apr,Jul,Oct",False,False,False
17,1,2014-04-14,11638,1139,1,1,0,0,a,a,50.0,12.0,2005.0,1,26.0,2010.0,"Jan,Apr,Jul,Oct",False,False,False
17,1,2014-05-26,4708,716,1,0,0,0,a,a,50.0,12.0,2005.0,1,26.0,2010.0,"Jan,Apr,Jul,Oct",False,False,False
17,2,2014-07-15,8993,1068,1,1,0,0,a,a,50.0,12.0,2005.0,1,26.0,2010.0,"Jan,Apr,Jul,Oct",False,False,False
17,6,2015-07-04,2592,320,1,0,0,0,a,a,50.0,12.0,2005.0,1,26.0,2010.0,"Jan,Apr,Jul,Oct",False,False,False
18,7,2013-09-29,0,0,0,0,0,0,d,c,13840.0,6.0,2010.0,1,14.0,2012.0,"Jan,Apr,Jul,Oct",False,False,False
18,2,2015-03-17,7714,814,1,1,0,0,d,c,13840.0,6.0,2010.0,1,14.0,2012.0,"Jan,Apr,Jul,Oct",False,False,False
19,5,2013-06-28,6105,572,1,0,0,0,a,c,3240.0,8.0,2010.0,1,22.0,2011.0,"Mar,Jun,Sept,Dec",False,True,False
19,4,2014-11-13,6438,663,1,1,0,0,a,c,3240.0,8.0,2010.0,1,22.0,2011.0,"Mar,Jun,Sept,Dec",False,True,False
20,5,2013-05-03,8505,848,1,1,0,0,d,a,2340.0,5.0,2009.0,1,40.0,2014.0,"Jan,Apr,Jul,Oct",False,False,False
21,3,2013-03-27,7370,692,1,1,0,1,c,c,550.0,10.0,1999.0,1,45.0,2009.0,"Jan,Apr,Jul,Oct",False,False,False
22,7,2013-11-17,0,0,0,0,0,0,a,a,1040.0,8.0,2010.0,1,22.0,2012.0,"Jan,Apr,Jul,Oct",False,True,False
22,7,2015-01-11,0,0,0,0,0,0,a,a,1040.0,8.0,2010.0,1,22.0,2012.0,"Jan,Apr,Jul,Oct",False,True,False
22,1,2015-04-06,0,0,0,0,b,1,a,a,1040.0,8.0,2010.0,1,22.0,2012.0,"Jan,Apr,Jul,Oct",False,True,False
23,6,2014-11-29,5504,513,1,0,0,0,d,a,4060.0,8.0,2005.0,0,,,,False,False,False
23,6,2015-02-07,5326,475,1,0,0,0,d,a,4060.0,8.0,2005.0,0,,,,False,False,False
24,1,2014-11-10,11374,957,1,1,0,0,a,c,4590.0,3.0,2000.0,1,40.0,2011.0,"Jan,Apr,Jul,Oct",False,False,False
24,2,2015-02-03,11866,984,1,1,0,0,a,c,4590.0,3.0,2000.0,1,40.0,2011.0,"Jan,Apr,Jul,Oct",False,False,False
25,2,2014-06-24,8581,1361,1,0,0,0,c,a,430.0,4.0,2003.0,0,,,,False,False,False
26,5,2014-10-17,5610,523,1,0,0,1,d,a,2300.0,8.0,2010.0,0,,,,False,True,False
26,7,2015-04-05,0,0,0,0,0,0,d,a,2300.0,8.0,2010.0,0,,,,False,True,False
27,2,2013-02-12,7192,965,1,0,0,0,a,a,60.0,1.0,2005.0,1,5.0,2011.0,"Jan,Apr,Jul,Oct",False,False,False
28,5,2013-10-18,4392,547,1,0,0,0,a,a,1200.0,10.0,2014.0,1,6.0,2015.0,"Mar,Jun,Sept,Dec",False,False,False
28,4,2014-03-27,4544,570,1,0,0,0,a,a,1200.0,10.0,2014.0,1,6.0,2015.0,"Mar,Jun,Sept,Dec",False,False,False
28,5,2015-02-13,5101,573,1,0,0,1,a,a,1200.0,10.0,2014.0,1,6.0,2015.0,"Mar,Jun,Sept,Dec",False,False,False
29,4,2015-05-14,0,0,0,0,a,0,d,c,2170.0,8.0,2010.0,0,,,,False,True,False
31,2,2013-03-19,6789,599,1,1,0,0,d,c,9800.0,7.0,2012.0,0,,,,False,False,False
32,7,2015-03-29,0,0,0,0,0,0,a,a,2910.0,8.0,2010.0,1,45.0,2009.0,"Feb,May,Aug,Nov",False,True,False
33,5,2015-01-23,6797,749,1,0,0,0,a,c,1320.0,5.0,2013.0,0,,,,False,False,False
33,7,2015-02-01,0,0,0,0,0,0,a,c,1320.0,5.0,2013.0,0,,,,False,False,False
34,1,2013-01-28,6767,897,1,0,0,0,c,a,2240.0,9.0,2009.0,0,,,,False,False,False
34,5,2013-11-08,7441,1032,1,1,0,0,c,a,2240.0,9.0,2009.0,0,,,,False,False,False
34,3,2013-12-25,0,0,0,0,c,1,c,a,2240.0,9.0,2009.0,0,,,,False,False,False
35,6,2013-11-16,7420,619,1,0,0,0,d,c,7660.0,10.0,2000.0,1,1.0,2012.0,"Jan,Apr,Jul,Oct",False,False,False
35,3,2014-11-12,9994,725,1,1,0,0,d,c,7660.0,10.0,2000.0,1,1.0,2012.0,"Jan,Apr,Jul,Oct",False,False,False
35,7,2015-05-03,0,0,0,0,0,0,d,c,7660.0,10.0,2000.0,1,1.0,2012.0,"Jan,Apr,Jul,Oct",False,False,False
36,7,2013-07-21,0,0,0,0,0,0,a,c,540.0,6.0,2003.0,1,40.0,2014.0,"Jan,Apr,Jul,Oct",False,False,False
36,3,2013-11-20,8449,1033,1,1,0,0,a,c,540.0,6.0,2003.0,1,40.0,2014.0,"Jan,Apr,Jul,Oct",False,False,False
36,2,2015-04-07,10316,1139,1,0,0,1,a,c,540.0,6.0,2003.0,1,40.0,2014.0,"Jan,Apr,Jul,Oct",False,False,False
38,3,2013-11-06,6274,485,1,1,0,0,d,a,1090.0,4.0,2007.0,0,,,,False,False,False
38,7,2014-03-16,0,0,0,0,0,0,d,a,1090.0,4.0,2007.0,0,,,,False,False,False
38,6,2015-02-07,6155,610,1,0,0,0,d,a,1090.0,4.0,2007.0,0,,,,False,False,False
38,5,2015-03-13,4809,449,1,0,0,0,d,a,1090.0,4.0,2007.0,0,,,,False,False,False
39,4,2013-04-18,3026,485,1,0,0,0,a,a,260.0,10.0,2006.0,1,31.0,2013.0,"Feb,May,Aug,Nov",False,False,False
40,6,2014-08-02,5544,785,1,0,0,0,a,a,180.0,8.0,2010.0,1,45.0,2009.0,"Feb,May,Aug,Nov",False,True,False
41,7,2014-03-09,0,0,0,0,0,0,d,c,1180.0,8.0,2010.0,1,31.0,2013.0,"Jan,Apr,Jul,Oct",False,True,False
42,7,2013-02-24,0,0,0,0,0,0,a,c,290.0,8.0,2010.0,1,40.0,2011.0,"Jan,Apr,Jul,Oct",False,True,False
43,6,2013-08-17,3919,402,1,0,0,0,d,a,4880.0,8.0,2010.0,1,37.0,2009.0,"Jan,Apr,Jul,Oct",False,True,False
43,7,2014-01-26,0,0,0,0,0,0,d,a,4880.0,8.0,2010.0,1,37.0,2009.0,"Jan,Apr,Jul,Oct",False,True,False
44,7,2014-08-31,0,0,0,0,0,0,a,a,540.0,6.0,2011.0,0,,,,False,False,False
45,3,2013-12-11,4247,335,1,0,0,0,d,a,9710.0,2.0,2014.0,0,,,,False,False,False
46,7,2013-04-07,0,0,0,0,0,0,c,a,1200.0,9.0,2005.0,1,14.0,2011.0,"Jan,Apr,Jul,Oct",False,False,False
46,3,2014-04-09,3823,550,1,0,0,0,c,a,1200.0,9.0,2005.0,1,14.0,2011.0,"Jan,Apr,Jul,Oct",False,False,False
47,2,2013-01-22,7282,935,1,1,0,0,a,c,270.0,4.0,2013.0,1,14.0,2013.0,"Jan,Apr,Jul,Oct",False,False,False
47,4,2013-02-14,5656,894,1,0,0,0,a,c,270.0,4.0,2013.0,1,14.0,2013.0,"Jan,Apr,Jul,Oct",False,False,False
47,2,2013-07-30,9246,1078,1,1,0,1,a,c,270.0,4.0,2013.0,1,14.0,2013.0,"Jan,Apr,Jul,Oct",False,False,False
48,6,2013-11-30,4393,452,1,0,0,0,a,a,1060.0,5.0,2012.0,0,,,,False,False,False
48,6,2014-06-07,2334,269,1,0,0,0,a,a,1060.0,5.0,2012.0,0,,,,False,False,False
48,5,2015-04-10,3496,395,1,0,0,0,a,a,1060.0,5.0,2012.0,0,,,,False,False,False
49,7,2013-03-17,0,0,0,0,0,0,d,c,18010.0,9.0,2007.0,0,,,,False,False,False
49,2,2014-03-04,7674,536,1,1,0,0,d,c,18010.0,9.0,2007.0,0,,,,False,False,False
51,7,2013-01-13,0,0,0,0,0,0,a,c,10570.0,7.0,2013.0,1,9.0,2011.0,"Jan,Apr,Jul,Oct",False,False,False
51,1,2013-07-29,8335,576,1,1,0,0,a,c,10570.0,7.0,2013.0,1,9.0,2011.0,"Jan,Apr,Jul,Oct",False,False,False
51,3,2013-11-06,6171,417,1,1,0,0,a,c,10570.0,7.0,2013.0,1,9.0,2011.0,"Jan,Apr,Jul,Oct",False,False,False
51,2,2014-01-14,4556,351,1,0,0,0,a,c,10570.0,7.0,2013.0,1,9.0,2011.0,"Jan,Apr,Jul,Oct",False,False,False
51,7,2014-06-15,0,0,0,0,0,0,a,c,10570.0,7.0,2013.0,1,9.0,2011.0,"Jan,Apr,Jul,Oct",False,False,False
51,1,2015-07-20,7202,500,1,0,0,0,a,c,10570.0,7.0,2013.0,1,9.0,2011.0,"Jan,Apr,Jul,Oct",False,False,False
53,2,2014-09-23,3878,466,1,0,0,0,a,c,30360.0,9.0,2013.0,0,,,,False,False,False
53,6,2015-03-28,4024,420,1,0,0,0,a,c,30360.0,9.0,2013.0,0,,,,False,False,False
54,5,2014-04-04,9483,826,1,1,0,0,d,c,7170.0,8.0,2014.0,1,5.0,2013.0,"Feb,May,Aug,Nov",False,False,False
54,3,2015-07-22,5212,511,1,0,0,1,d,c,7170.0,8.0,2014.0,1,5.0,2013.0,"Feb,May,Aug,Nov",False,False,False
55,5,2015-06-12,4799,586,1,0,0,0,a,a,720.0,11.0,2004.0,0,,,,False,False,False
56,6,2014-03-01,9269,625,1,0,0,0,d,c,6620.0,3.0,2012.0,1,10.0,2014.0,"Mar,Jun,Sept,Dec",False,False,False
56,3,2014-10-15,5737,426,1,0,0,0,d,c,6620.0,3.0,2012.0,1,10.0,2014.0,"Mar,Jun,Sept,Dec",False,False,False
56,1,2015-04-06,0,0,0,0,b,1,d,c,6620.0,3.0,2012.0,1,10.0,2014.0,"Mar,Jun,Sept,Dec",False,False,False
57,6,2014-02-01,10311,906,1,0,0,0,d,c,420.0,6.0,2014.0,0,,,,False,False,False
59,3,2013-04-10,6171,602,1,1,0,0,a,c,2840.0,6.0,2007.0,1,14.0,2011.0,"Jan,Apr,Jul,Oct",False,False,False
59,7,2013-07-14,0,0,0,0,0,0,a,c,2840.0,6.0,2007.0,1,14.0,2011.0,"Jan,Apr,Jul,Oct",False,False,False
59,4,2013-10-24,5653,575,1,1,0,1,a,c,2840.0,6.0,2007.0,1,14.0,2011.0,"Jan,Apr,Jul,Oct",False,False,False
59,1,2014-06-23,4894,589,1,0,0,0,a,c,2840.0,6.0,2007.0,1,14.0,2011.0,"Jan,Apr,Jul,Oct",False,False,False
59,6,2014-09-13,2558,287,1,0,0,0,a,c,2840.0,6.0,2007.0,1,14.0,2011.0,"Jan,Apr,Jul,Oct",False,False,False
60,6,2015-02-28,5879,512,1,0,0,0,d,c,5540.0,10.0,2009.0,0,,,,False,False,False
61,3,2013-12-25,0,0,0,0,c,1,a,c,350.0,12.0,2007.0,1,1.0,2012.0,"Jan,Apr,Jul,Oct",False,False,False
61,3,2014-07-30,5601,616,1,1,0,0,a,c,350.0,12.0,2007.0,1,1.0,2012.0,"Jan,Apr,Jul,Oct",False,False,False
63,4,2013-06-27,5504,522,1,0,0,1,c,c,3700.0,6.0,2010.0,1,18.0,2010.0,"Feb,May,Aug,Nov",False,False,False
63,1,2015-02-02,8183,682,1,1,0,0,c,c,3700.0,6.0,2010.0,1,18.0,2010.0,"Feb,May,Aug,Nov",False,False,False
64,2,2015-04-21,7374,591,1,0,0,0,d,c,22560.0,8.0,2010.0,1,14.0,2013.0,"Jan,Apr,Jul,Oct",False,True,False
65,7,2014-08-17,0,0,0,0,0,0,a,c,13840.0,5.0,2010.0,1,1.0,2012.0,"Jan,Apr,Jul,Oct",False,False,False
66,5,2013-03-08,6374,580,1,1,0,0,d,a,7660.0,8.0,2010.0,1,37.0,2009.0,"Jan,Apr,Jul,Oct",False,True,False
66,5,2013-04-12,7037,601,1,1,0,0,d,a,7660.0,8.0,2010.0,1,37.0,2009.0,"Jan,Apr,Jul,Oct",False,True,False
67,4,2014-02-06,8896,877,1,1,0,0,a,c,410.0,2.0,2006.0,0,,,,False,False,False
68,3,2014-04-09,6627,1122,1,0,0,0,a,c,250.0,8.0,2010.0,1,35.0,2012.0,"Mar,Jun,Sept,Dec",False,True,False
70,7,2013-07-28,0,0,0,0,0,1,c,c,4840.0,8.0,2010.0,0,,,,False,True,False
70,3,2013-08-14,7306,780,1,1,0,0,c,c,4840.0,8.0,2010.0,0,,,,False,True,False
70,4,2014-06-19,6552,689,1,1,0,0,c,c,4840.0,8.0,2010.0,0,,,,False,True,False
70,4,2014-11-27,8317,779,1,1,0,0,c,c,4840.0,8.0,2010.0,0,,,,False,True,False
70,7,2015-05-31,0,0,0,0,0,0,c,c,4840.0,8.0,2010.0,0,,,,False,True,False
72,3,2013-05-01,0,0,0,1,a,0,a,a,2200.0,12.0,2009.0,1,13.0,2010.0,"Jan,Apr,Jul,Oct",False,False,False
73,2,2014-01-28,4327,507,1,0,0,0,a,c,1650.0,9.0,2008.0,0,,,,False,False,False
73,7,2014-10-12,0,0,0,0,0,0,a,c,1650.0,9.0,2008.0,0,,,,False,False,False
74,6,2013-06-22,4615,662,1,0,0,0,a,a,330.0,8.0,2010.0,0,,,,False,True,False
75,5,2013-12-20,10054,946,1,1,0,0,d,c,22440.0,12.0,2013.0,0,,,,False,False,False
75,6,2014-09-06,5214,598,1,0,0,0,d,c,22440.0,12.0,2013.0,0,,,,False,False,False
76,2,2013-05-07,7452,821,1,0,0,0,d,c,19960.0,3.0,2006.0,0,,,,False,False,False
76,2,2013-05-28,8706,897,1,1,0,1,d,c,19960.0,3.0,2006.0,0,,,,False,False,False
77,5,2013-08-16,7608,682,1,1,0,1,d,c,1090.0,8.0,2009.0,1,10.0,2014.0,"Jan,Apr,Jul,Oct",False,False,False
77,6,2014-12-06,8548,726,1,0,0,0,d,c,1090.0,8.0,2009.0,1,10.0,2014.0,"Jan,Apr,Jul,Oct",False,False,False
77,3,2015-06-17,7647,611,1,1,0,0,d,c,1090.0,8.0,2009.0,1,10.0,2014.0,"Jan,Apr,Jul,Oct",False,False,False
78,5,2015-03-20,4474,560,1,1,0,0,a,a,3510.0,11.0,2006.0,1,5.0,2013.0,"Feb,May,Aug,Nov",False,False,False
79,1,2015-04-13,8819,783,1,1,0,0,a,a,3320.0,8.0,2010.0,0,,,,False,True,False
80,5,2013-08-23,6167,507,1,0,0,0,d,a,7910.0,8.0,2010.0,0,,,,False,True,False
80,3,2015-07-29,8388,575,1,1,0,1,d,a,7910.0,8.0,2010.0,0,,,,False,True,False
81,2,2013-02-12,3730,337,1,0,0,1,a,a,2370.0,3.0,2011.0,1,40.0,2014.0,"Jan,Apr,Jul,Oct",False,False,False
82,4,2013-08-15,9597,899,1,1,0,1,a,a,22390.0,4.0,2008.0,1,37.0,2009.0,"Jan,Apr,Jul,Oct",False,False,False
82,5,2014-02-07,10282,1044,1,1,0,0,a,a,22390.0,4.0,2008.0,1,37.0,2009.0,"Jan,Apr,Jul,Oct",False,False,False
82,4,2014-03-20,8916,861,1,1,0,0,a,a,22390.0,4.0,2008.0,1,37.0,2009.0,"Jan,Apr,Jul,Oct",False,False,False
83,2,2013-01-22,4301,349,1,1,0,0,a,a,2710.0,8.0,2010.0,0,,,,False,True,False
83,6,2013-10-05,2654,249,1,0,0,0,a,a,2710.0,8.0,2010.0,0,,,,False,True,False
84,5,2013-12-20,20529,1994,1,1,0,0,a,c,11810.0,8.0,2014.0,0,,,,False,False,False
88,2,2013-03-05,8695,806,1,1,0,0,a,a,10690.0,10.0,2005.0,0,,,,False,False,False
88,5,2014-10-24,6506,712,1,1,0,0,a,a,10690.0,10.0,2005.0,0,,,,False,False,False
88,5,2015-02-27,6217,666,1,0,0,0,a,a,10690.0,10.0,2005.0,0,,,,False,False,False
88,4,2015-04-16,6737,657,1,1,0,0,a,a,10690.0,10.0,2005.0,0,,,,False,False,False
89,2,2013-09-10,6370,629,1,1,0,1,a,a,2380.0,7.0,2004.0,1,40.0,2014.0,"Jan,Apr,Jul,Oct",False,False,False
89,2,2013-10-08,7065,723,1,1,0,0,a,a,2380.0,7.0,2004.0,1,40.0,2014.0,"Jan,Apr,Jul,Oct",False,False,False
89,1,2013-11-11,5827,669,1,0,0,0,a,a,2380.0,7.0,2004.0,1,40.0,2014.0,"Jan,Apr,Jul,Oct",False,False,False
91,1,2013-01-14,4291,572,1,0,0,0,c,a,2410.0,8.0,2010.0,1,35.0,2011.0,"Jan,Apr,Jul,Oct",False,True,False
93,5,2015-07-10,6255,684,1,0,0,1,a,a,16690.0,8.0,2010.0,1,14.0,2011.0,"Jan,Apr,Jul,Oct",False,True,False
94,4,2014-01-02,6219,625,1,0,0,1,d,c,14620.0,8.0,2010.0,0,,,,False,True,False
94,7,2015-01-04,0,0,0,0,0,0,d,c,14620.0,8.0,2010.0,0,,,,False,True,False
95,5,2013-05-03,9989,1145,1,1,0,0,a,a,1890.0,10.0,2014.0,0,,,,False,False,False
95,7,2013-06-02,0,0,0,0,0,0,a,a,1890.0,10.0,2014.0,0,,,,False,False,False
95,7,2014-12-07,0,0,0,0,0,0,a,a,1890.0,10.0,2014.0,0,,,,False,False,False
96,7,2014-09-28,0,0,0,0,0,0,a,a,8780.0,2.0,2005.0,1,37.0,2009.0,"Jan,Apr,Jul,Oct",False,False,False
97,5,2014-10-24,7391,782,1,1,0,1,d,c,8980.0,8.0,2010.0,0,,,,False,True,False
98,7,2014-04-06,0,0,0,0,0,0,d,c,15140.0,12.0,2006.0,1,1.0,2012.0,"Jan,Apr,Jul,Oct",False,False,False
100,1,2013-09-30,8278,703,1,0,0,0,d,a,17930.0,8.0,2010.0,0,,,,False,True,False
101,1,2013-08-26,9703,925,1,1,0,0,d,c,2440.0,8.0,2010.0,1,22.0,2012.0,"Mar,Jun,Sept,Dec",False,True,False
101,6,2013-10-26,5706,710,1,0,0,0,d,c,2440.0,8.0,2010.0,1,22.0,2012.0,"Mar,Jun,Sept,Dec",False,True,False
103,6,2014-04-19,4340,405,1,0,0,0,d,c,5210.0,5.0,2015.0,0,,,,False,False,False
104,7,2013-05-26,0,0,0,0,0,0,a,a,390.0,6.0,2009.0,0,,,,False,False,False
104,1,2013-11-04,11113,1396,1,1,0,0,a,a,390.0,6.0,2009.0,0,,,,False,False,False
105,2,2015-04-07,5384,570,1,0,0,1,a,c,6190.0,8.0,2010.0,1,23.0,2013.0,"Mar,Jun,Sept,Dec",False,True,False
106,4,2013-08-01,10385,932,1,1,0,1,a,a,1390.0,8.0,2013.0,0,,,,False,False,False
106,7,2014-05-11,0,0,0,0,0,0,a,a,1390.0,8.0,2013.0,0,,,,False,False,False
106,4,2014-08-07,8547,795,1,1,0,1,a,a,1390.0,8.0,2013.0,0,,,,False,False,False
106,3,2015-04-29,10580,972,1,1,0,0,a,a,1390.0,8.0,2013.0,0,,,,False,False,False
108,1,2013-06-17,12793,980,1,1,0,0,d,c,2190.0,9.0,2003.0,0,,,,False,False,False
108,3,2014-04-02,11170,844,1,1,0,0,d,c,2190.0,9.0,2003.0,0,,,,False,False,False
109,7,2014-03-09,0,0,0,0,0,0,a,c,3300.0,11.0,2010.0,0,,,,False,False,False
109,3,2014-05-14,5593,692,1,0,0,0,a,c,3300.0,11.0,2010.0,0,,,,False,False,False
110,1,2015-03-02,5353,625,1,1,0,0,a,c,46590.0,4.0,2013.0,0,,,,False,False,False
112,3,2014-02-05,6942,813,1,1,0,0,a,a,1630.0,9.0,2009.0,0,,,,False,False,False
112,4,2014-06-19,5966,754,1,1,0,0,a,a,1630.0,9.0,2009.0,0,,,,False,False,False
112,2,2014-07-15,6209,752,1,1,0,0,a,a,1630.0,9.0,2009.0,0,,,,False,False,False
113,2,2013-07-16,8814,808,1,1,0,0,d,c,20930.0,11.0,1999.0,0,,,,False,False,False
113,4,2013-10-17,6319,627,1,0,0,0,d,c,20930.0,11.0,1999.0,0,,,,False,False,False
114,7,2013-09-29,0,0,0,0,0,0,c,a,4510.0,8.0,2010.0,1,48.0,2011.0,"Mar,Jun,Sept,Dec",False,True,False
114,6,2014-09-20,4785,600,1,0,0,0,c,a,4510.0,8.0,2010.0,1,48.0,2011.0,"Mar,Jun,Sept,Dec",False,True,False
114,3,2015-02-04,5670,585,1,1,0,1,c,a,4510.0,8.0,2010.0,1,48.0,2011.0,"Mar,Jun,Sept,Dec",False,True,False
115,7,2013-04-28,0,0,0,0,0,0,d,c,5740.0,4.0,2007.0,1,40.0,2014.0,"Jan,Apr,Jul,Oct",False,False,False
116,7,2014-02-09,0,0,0,0,0,0,a,a,680.0,4.0,2013.0,0,,,,False,False,False
116,1,2014-02-17,10469,961,1,1,0,0,a,a,680.0,4.0,2013.0,0,,,,False,False,False
118,7,2013-09-22,0,0,0,0,0,0,d,c,3580.0,9.0,2012.0,0,,,,False,False,False
119,2,2013-11-26,6069,698,1,0,0,0,a,c,2100.0,2.0,2010.0,0,,,,False,False,False
119,7,2015-01-11,0,0,0,0,0,0,a,c,2100.0,2.0,2010.0,0,,,,False,False,False
119,5,2015-01-23,4543,566,1,0,0,0,a,c,2100.0,2.0,2010.0,0,,,,False,False,False
120,2,2013-10-22,6263,589,1,1,0,1,d,a,2290.0,12.0,2014.0,1,37.0,2009.0,"Jan,Apr,Jul,Oct",False,False,False
120,3,2015-05-13,7088,693,1,0,0,0,d,a,2290.0,12.0,2014.0,1,37.0,2009.0,"Jan,Apr,Jul,Oct",False,False,False
121,3,2015-03-04,5434,535,1,1,0,0,a,a,3570.0,11.0,2009.0,1,36.0,2013.0,"Mar,Jun,Sept,Dec",False,False,False
122,3,2014-04-30,9314,1085,1,1,0,1,a,c,58260.0,4.0,2013.0,0,,,,False,False,False
123,7,2013-09-01,0,0,0,0,0,0,a,a,16760.0,9.0,2011.0,0,,,,False,False,False
123,3,2014-09-10,24549,2011,1,0,0,0,a,a,16760.0,9.0,2011.0,0,,,,False,False,False
123,3,2015-06-24,7080,909,1,0,0,0,a,a,16760.0,9.0,2011.0,0,,,,False,False,False
124,5,2013-03-22,5419,705,1,1,0,0,a,a,1410.0,4.0,2003.0,0,,,,False,False,False
125,4,2013-10-03,0,0,0,0,a,1,a,a,760.0,12.0,2005.0,0,,,,False,False,False
125,4,2014-07-24,9337,1308,1,0,0,1,a,a,760.0,12.0,2005.0,0,,,,False,False,False
125,1,2014-10-06,15812,1989,1,1,0,0,a,a,760.0,12.0,2005.0,0,,,,False,False,False
126,1,2013-04-08,12813,719,1,1,0,0,d,a,3370.0,10.0,2014.0,1,18.0,2011.0,"Feb,May,Aug,Nov",False,False,False
126,4,2013-08-29,14504,583,1,1,0,1,d,a,3370.0,10.0,2014.0,1,18.0,2011.0,"Feb,May,Aug,Nov",False,False,False
126,5,2013-12-06,6665,626,1,1,0,0,d,a,3370.0,10.0,2014.0,1,18.0,2011.0,"Feb,May,Aug,Nov",False,False,False
126,1,2014-12-08,4517,448,1,0,0,0,d,a,3370.0,10.0,2014.0,1,18.0,2011.0,"Feb,May,Aug,Nov",False,False,False
126,6,2015-04-11,4587,440,1,0,0,0,d,a,3370.0,10.0,2014.0,1,18.0,2011.0,"Feb,May,Aug,Nov",False,False,False
126,1,2015-06-08,5201,473,1,0,0,0,d,a,3370.0,10.0,2014.0,1,18.0,2011.0,"Feb,May,Aug,Nov",False,False,False
130,6,2013-01-19,4224,505,1,0,0,0,c,a,900.0,8.0,2010.0,1,13.0,2010.0,"Jan,Apr,Jul,Oct",False,True,False
131,3,2013-03-20,5935,578,1,1,0,0,c,a,920.0,7.0,2015.0,0,,,,False,False,False
131,2,2013-12-24,3329,396,1,0,0,1,c,a,920.0,7.0,2015.0,0,,,,False,False,False
131,1,2014-03-17,5844,597,1,1,0,0,c,a,920.0,7.0,2015.0,0,,,,False,False,False
132,2,2013-12-03,7959,656,1,1,0,0,d,c,1040.0,8.0,2010.0,1,27.0,2012.0,"Jan,Apr,Jul,Oct",False,True,False
132,7,2014-03-09,0,0,0,0,0,0,d,c,1040.0,8.0,2010.0,1,27.0,2012.0,"Jan,Apr,Jul,Oct",False,True,False
132,4,2015-04-23,5994,583,1,0,0,0,d,c,1040.0,8.0,2010.0,1,27.0,2012.0,"Jan,Apr,Jul,Oct",False,True,False
135,4,2013-04-04,4516,458,1,0,0,1,d,a,5190.0,8.0,2010.0,1,1.0,2013.0,"Jan,Apr,Jul,Oct",False,True,False
135,4,2014-09-11,4626,468,1,0,0,0,d,a,5190.0,8.0,2010.0,1,1.0,2013.0,"Jan,Apr,Jul,Oct",False,True,False
135,2,2015-06-23,4950,449,1,0,0,0,d,a,5190.0,8.0,2010.0,1,1.0,2013.0,"Jan,Apr,Jul,Oct",False,True,False
137,4,2015-05-21,9519,979,1,1,0,0,a,a,1730.0,7.0,2015.0,1,40.0,2014.0,"Jan,Apr,Jul,Oct",False,False,False
137,1,2015-06-29,12070,1209,1,1,0,0,a,a,1730.0,7.0,2015.0,1,40.0,2014.0,"Jan,Apr,Jul,Oct",False,False,False
138,1,2013-10-28,5804,658,1,0,0,1,a,c,25360.0,10.0,2014.0,0,,,,False,False,False
138,5,2014-11-14,8711,811,1,1,0,0,a,c,25360.0,10.0,2014.0,0,,,,False,False,False
138,4,2015-01-01,0,0,0,0,a,1,a,c,25360.0,10.0,2014.0,0,,,,False,False,False
138,1,2015-05-04,11426,1040,1,1,0,0,a,c,25360.0,10.0,2014.0,0,,,,False,False,False
142,3,2013-01-23,4889,588,1,1,0,0,a,a,1090.0,7.0,2002.0,0,,,,False,False,False
142,5,2014-05-09,5603,691,1,1,0,0,a,a,1090.0,7.0,2002.0,0,,,,False,False,False
143,5,2013-05-03,7590,679,1,1,0,0,d,a,2930.0,12.0,2002.0,0,,,,False,False,False
143,6,2013-07-27,4073,418,1,0,0,0,d,a,2930.0,12.0,2002.0,0,,,,False,False,False
143,4,2014-07-24,4757,478,1,0,0,0,d,a,2930.0,12.0,2002.0,0,,,,False,False,False
144,2,2013-02-26,6289,629,1,0,0,0,a,c,16570.0,8.0,2010.0,0,,,,False,True,False
144,3,2013-07-17,8082,753,1,1,0,0,a,c,16570.0,8.0,2010.0,0,,,,False,True,False
145,5,2014-01-24,7525,1069,1,1,0,0,a,a,280.0,8.0,2010.0,1,45.0,2009.0,"Feb,May,Aug,Nov",False,True,False
145,6,2015-05-23,6683,1030,1,0,0,0,a,a,280.0,8.0,2010.0,1,45.0,2009.0,"Feb,May,Aug,Nov",False,True,False
145,5,2015-05-29,7842,1077,1,0,0,1,a,a,280.0,8.0,2010.0,1,45.0,2009.0,"Feb,May,Aug,Nov",False,True,False
146,5,2014-01-03,7115,714,1,0,0,1,d,c,8050.0,10.0,1961.0,1,48.0,2012.0,"Jan,Apr,Jul,Oct",False,False,False
146,6,2014-03-22,5854,638,1,0,0,0,d,c,8050.0,10.0,1961.0,1,48.0,2012.0,"Jan,Apr,Jul,Oct",False,False,False
148,2,2013-10-22,8699,839,1,1,0,0,a,a,2090.0,12.0,2008.0,0,,,,False,False,False
148,6,2014-03-15,7184,693,1,0,0,0,a,a,2090.0,12.0,2008.0,0,,,,False,False,False
148,7,2015-03-08,0,0,0,0,0,0,a,a,2090.0,12.0,2008.0,0,,,,False,False,False
149,3,2013-05-29,6893,563,1,1,0,1,d,a,2610.0,7.0,2006.0,1,14.0,2011.0,"Jan,Apr,Jul,Oct",False,False,False
149,5,2014-01-24,6007,478,1,1,0,0,d,a,2610.0,7.0,2006.0,1,14.0,2011.0,"Jan,Apr,Jul,Oct",False,False,False
149,5,2014-02-21,6031,520,1,1,0,0,d,a,2610.0,7.0,2006.0,1,14.0,2011.0,"Jan,Apr,Jul,Oct",False,False,False
150,5,2013-12-27,10345,1063,1,0,0,1,c,c,31830.0,3.0,2010.0,0,,,,False,False,False
150,6,2014-06-14,7753,762,1,0,0,0,c,c,31830.0,3.0,2010.0,0,,,,False,False,False
151,1,2015-03-30,10880,832,1,1,0,0,d,c,4360.0,10.0,2005.0,0,,,,False,False,False
153,1,2013-04-29,11093,861,1,1,0,0,a,a,16240.0,10.0,2000.0,1,18.0,2011.0,"Feb,May,Aug,Nov",False,False,False
153,1,2014-02-03,12231,895,1,1,0,0,a,a,16240.0,10.0,2000.0,1,18.0,2011.0,"Feb,May,Aug,Nov",False,False,False
153,1,2014-09-08,5827,588,1,0,0,0,a,a,16240.0,10.0,2000.0,1,18.0,2011.0,"Feb,May,Aug,Nov",False,False,False
154,4,2015-05-21,10322,823,1,1,0,0,d,c,16420.0,8.0,2010.0,0,,,,False,True,False
155,3,2013-10-30,5400,559,1,0,0,1,d,a,3050.0,8.0,2010.0,1,35.0,2010.0,"Jan,Apr,Jul,Oct",False,True,False
156,2,2013-10-08,9258,899,1,1,0,0,a,a,2020.0,2.0,2011.0,1,14.0,2011.0,"Mar,Jun,Sept,Dec",False,False,False
156,2,2014-02-25,5174,635,1,0,0,0,a,a,2020.0,2.0,2011.0,1,14.0,2011.0,"Mar,Jun,Sept,Dec",False,False,False
156,7,2014-08-10,0,0,0,0,0,0,a,a,2020.0,2.0,2011.0,1,14.0,2011.0,"Mar,Jun,Sept,Dec",False,False,False
159,3,2013-03-13,5195,564,1,0,0,0,d,a,8530.0,3.0,2013.0,0,,,,False,False,False
159,6,2013-08-31,6560,600,1,0,0,0,d,a,8530.0,3.0,2013.0,0,,,,False,False,False
159,2,2015-06-02,9788,769,1,1,0,1,d,a,8530.0,3.0,2013.0,0,,,,False,False,False
159,7,2015-06-28,0,0,0,0,0,0,d,a,8530.0,3.0,2013.0,0,,,,False,False,False
161,6,2014-04-05,7286,805,1,0,0,0,a,c,2970.0,3.0,2005.0,0,,,,False,False,False
162,4,2013-06-13,5688,462,1,0,0,0,d,c,5340.0,3.0,2012.0,1,13.0,2010.0,"Jan,Apr,Jul,Oct",False,False,False
162,1,2014-08-25,5314,441,1,0,0,1,d,c,5340.0,3.0,2012.0,1,13.0,2010.0,"Jan,Apr,Jul,Oct",False,False,False
162,6,2014-11-15,7324,564,1,0,0,0,d,c,5340.0,3.0,2012.0,1,13.0,2010.0,"Jan,Apr,Jul,Oct",False,False,False
163,3,2015-07-01,8523,925,1,1,0,0,a,a,1480.0,4.0,2009.0,0,,,,False,False,False
164,3,2013-11-20,6014,616,1,1,0,0,a,a,1160.0,9.0,2005.0,1,13.0,2010.0,"Jan,Apr,Jul,Oct",False,False,False
164,5,2013-12-20,9387,866,1,1,0,0,a,a,1160.0,9.0,2005.0,1,13.0,2010.0,"Jan,Apr,Jul,Oct",False,False,False
164,1,2015-05-25,0,0,0,0,a,0,a,a,1160.0,9.0,2005.0,1,13.0,2010.0,"Jan,Apr,Jul,Oct",False,False,False
165,1,2013-07-22,3768,454,1,0,0,0,a,a,3720.0,4.0,2005.0,1,13.0,2010.0,"Jan,Apr,Jul,Oct",False,False,False
165,6,2015-03-07,3323,313,1,0,0,0,a,a,3720.0,4.0,2005.0,1,13.0,2010.0,"Jan,Apr,Jul,Oct",False,False,False
166,5,2013-09-06,3936,614,1,0,0,0,a,c,100.0,4.0,2014.0,1,31.0,2013.0,"Jan,Apr,Jul,Oct",False,False,False
166,7,2014-06-15,0,0,0,0,0,0,a,c,100.0,4.0,2014.0,1,31.0,2013.0,"Jan,Apr,Jul,Oct",False,False,False
166,2,2015-07-21,5117,807,1,0,0,1,a,c,100.0,4.0,2014.0,1,31.0,2013.0,"Jan,Apr,Jul,Oct",False,False,False
168,1,2013-01-07,11462,995,1,1,0,0,a,a,12540.0,8.0,2010.0,0,,,,False,True,False
168,4,2013-02-14,6876,747,1,0,0,0,a,a,12540.0,8.0,2010.0,0,,,,False,True,False
168,6,2014-07-12,4473,446,1,0,0,0,a,a,12540.0,8.0,2010.0,0,,,,False,True,False
168,1,2014-07-14,10617,902,1,1,0,0,a,a,12540.0,8.0,2010.0,0,,,,False,True,False
168,3,2014-10-15,6455,673,1,0,0,0,a,a,12540.0,8.0,2010.0,0,,,,False,True,False
169,7,2014-06-15,0,0,0,0,0,0,d,a,980.0,7.0,2014.0,1,18.0,2014.0,"Feb,May,Aug,Nov",False,False,False
169,4,2014-08-14,0,0,0,0,0,1,d,a,980.0,7.0,2014.0,1,18.0,2014.0,"Feb,May,Aug,Nov",False,False,False
170,2,2015-06-23,3352,418,1,0,0,0,a,a,1070.0,5.0,2015.0,1,14.0,2011.0,"Jan,Apr,Jul,Oct",False,False,False
171,6,2013-05-04,5695,603,1,0,0,0,a,a,2640.0,8.0,2010.0,0,,,,False,True,False
171,5,2014-03-28,6406,763,1,0,0,0,a,a,2640.0,8.0,2010.0,0,,,,False,True,False
172,7,2013-05-26,0,0,0,0,0,0,a,a,110.0,8.0,2010.0,1,40.0,2014.0,"Jan,Apr,Jul,Oct",False,True,False
174,2,2013-03-05,5219,431,1,1,0,0,a,a,13090.0,8.0,2010.0,1,22.0,2012.0,"Jan,Apr,Jul,Oct",False,True,False
174,2,2013-06-04,5962,459,1,1,0,0,a,a,13090.0,8.0,2010.0,1,22.0,2012.0,"Jan,Apr,Jul,Oct",False,True,False
175,5,2015-04-03,0,0,0,1,b,0,c,a,4130.0,8.0,2010.0,0,,,,False,True,False
176,5,2014-02-28,5778,705,1,0,0,0,a,a,3770.0,8.0,2010.0,0,,,,False,True,False
176,1,2014-05-05,8890,955,1,1,0,0,a,a,3770.0,8.0,2010.0,0,,,,False,True,False
178,7,2014-04-27,0,0,0,0,0,0,d,a,1710.0,8.0,2010.0,0,,,,False,True,False
178,4,2015-07-23,9254,864,1,0,0,1,d,a,1710.0,8.0,2010.0,0,,,,False,True,False
179,6,2013-09-21,5766,859,1,0,0,0,a,c,480.0,8.0,2010.0,0,,,,False,True,False
180,1,2013-07-15,9830,1055,1,1,0,1,d,a,5800.0,9.0,2010.0,0,,,,False,False,False
181,6,2013-07-20,3457,400,1,0,0,0,a,a,12610.0,3.0,2013.0,1,14.0,2011.0,"Jan,Apr,Jul,Oct",False,False,False
182,2,2014-11-04,6924,492,1,1,0,0,d,c,1390.0,8.0,2010.0,1,9.0,2011.0,"Mar,Jun,Sept,Dec",False,True,False
183,4,2013-05-09,0,0,0,0,a,0,a,a,9670.0,8.0,2010.0,0,,,,False,True,False
183,1,2014-06-23,5703,759,1,0,0,0,a,a,9670.0,8.0,2010.0,0,,,,False,True,False
184,3,2014-03-19,7028,646,1,1,0,0,d,c,3560.0,8.0,2010.0,0,,,,False,True,False
184,5,2015-02-13,6576,672,1,0,0,0,d,c,3560.0,8.0,2010.0,0,,,,False,True,False
184,5,2015-07-10,6233,578,1,0,0,1,d,c,3560.0,8.0,2010.0,0,,,,False,True,False
185,2,2013-04-23,7565,569,1,1,0,0,d,c,1860.0,5.0,2015.0,0,,,,False,False,False
185,2,2013-05-21,5703,485,1,0,0,1,d,c,1860.0,5.0,2015.0,0,,,,False,False,False
186,2,2013-01-01,0,0,0,0,a,1,a,a,290.0,10.0,2011.0,1,40.0,2014.0,"Jan,Apr,Jul,Oct",False,False,False
187,6,2014-01-25,3679,409,1,0,0,0,a,c,19360.0,8.0,2010.0,0,,,,False,True,False
188,1,2014-09-29,6738,535,1,1,0,0,d,a,850.0,8.0,2010.0,1,18.0,2011.0,"Feb,May,Aug,Nov",False,True,False
188,2,2014-11-11,5993,479,1,1,0,0,d,a,850.0,8.0,2010.0,1,18.0,2011.0,"Feb,May,Aug,Nov",False,True,False
188,6,2015-03-21,4443,462,1,0,0,0,d,a,850.0,8.0,2010.0,1,18.0,2011.0,"Feb,May,Aug,Nov",False,True,False
188,1,2015-06-08,4830,423,1,0,0,0,d,a,850.0,8.0,2010.0,1,18.0,2011.0,"Feb,May,Aug,Nov",False,True,False
189,3,2013-05-22,6893,718,1,0,0,0,d,a,5760.0,7.0,2014.0,0,,,,False,False,False
189,6,2013-12-07,7829,769,1,0,0,0,d,a,5760.0,7.0,2014.0,0,,,,False,False,False
189,5,2014-10-31,9691,1010,1,0,0,1,d,a,5760.0,7.0,2014.0,0,,,,False,False,False
190,1,2013-05-13,9118,769,1,1,0,0,a,a,1470.0,12.0,2006.0,1,40.0,2014.0,"Jan,Apr,Jul,Oct",False,False,False
190,6,2013-07-20,5599,520,1,0,0,0,a,a,1470.0,12.0,2006.0,1,40.0,2014.0,"Jan,Apr,Jul,Oct",False,False,False
190,1,2013-07-29,10210,776,1,1,0,0,a,a,1470.0,12.0,2006.0,1,40.0,2014.0,"Jan,Apr,Jul,Oct",False,False,False
190,3,2014-04-16,8490,782,1,1,0,1,a,a,1470.0,12.0,2006.0,1,40.0,2014.0,"Jan,Apr,Jul,Oct",False,False,False
191,2,2014-02-04,7244,731,1,1,0,0,a,a,1100.0,8.0,2013.0,1,40.0,2014.0,"Jan,Apr,Jul,Oct",False,False,False
192,6,2015-05-30,16106,1068,1,0,0,0,d,c,2770.0,3.0,2008.0,1,40.0,2014.0,"Jan,Apr,Jul,Oct",False,False,False
194,2,2013-04-23,3872,341,1,1,0,0,d,c,16970.0,8.0,2010.0,1,5.0,2013.0,"Feb,May,Aug,Nov",False,True,False
194,1,2013-11-25,5068,392,1,0,0,0,d,c,16970.0,8.0,2010.0,1,5.0,2013.0,"Feb,May,Aug,Nov",False,True,False
195,2,2013-04-23,11708,1391,1,1,0,0,a,c,220.0,8.0,2010.0,0,,,,False,True,False
195,5,2014-11-21,8630,1079,1,0,0,0,a,c,220.0,8.0,2010.0,0,,,,False,True,False
195,3,2014-12-17,14106,1488,1,1,0,0,a,c,220.0,8.0,2010.0,0,,,,False,True,False
196,3,2013-10-30,6187,851,1,0,0,1,c,a,3850.0,11.0,2005.0,1,14.0,2011.0,"Jan,Apr,Jul,Oct",False,False,False
196,3,2013-11-20,5193,691,1,1,0,0,c,a,3850.0,11.0,2005.0,1,14.0,2011.0,"Jan,Apr,Jul,Oct",False,False,False
196,6,2014-05-03,4048,599,1,0,0,0,c,a,3850.0,11.0,2005.0,1,14.0,2011.0,"Jan,Apr,Jul,Oct",False,False,False
196,3,2014-09-17,6067,720,1,1,0,0,c,a,3850.0,11.0,2005.0,1,14.0,2011.0,"Jan,Apr,Jul,Oct",False,False,False
196,1,2014-11-24,7305,823,1,1,0,0,c,a,3850.0,11.0,2005.0,1,14.0,2011.0,"Jan,Apr,Jul,Oct",False,False,False
196,6,2015-04-18,3294,498,1,0,0,0,c,a,3850.0,11.0,2005.0,1,14.0,2011.0,"Jan,Apr,Jul,Oct",False,False,False
196,3,2015-04-22,4178,612,1,0,0,0,c,a,3850.0,11.0,2005.0,1,14.0,2011.0,"Jan,Apr,Jul,Oct",False,False,False
197,5,2014-08-08,6961,867,1,1,0,1,c,a,4210.0,3.0,2015.0,0,,,,False,False,False
198,3,2013-08-07,1975,261,1,0,0,1,a,a,290.0,9.0,2002.0,1,13.0,2010.0,"Jan,Apr,Jul,Oct",False,False,False
198,3,2014-09-10,2110,285,1,0,0,0,a,a,290.0,9.0,2002.0,1,13.0,2010.0,"Jan,Apr,Jul,Oct",False,False,False
198,1,2015-02-02,5737,574,1,1,0,1,a,a,290.0,9.0,2002.0,1,13.0,2010.0,"Jan,Apr,Jul,Oct",False,False,False
199,4,2013-08-22,5807,524,1,0,0,0,d,c,6360.0,12.0,2010.0,1,14.0,2012.0,"Mar,Jun,Sept,Dec",False,False,False
199,7,2014-04-27,0,0,0,0,0,0,d,c,6360.0,12.0,2010.0,1,14.0,2012.0,"Mar,Jun,Sept,Dec",False,False,False
199,3,2014-09-03,9194,695,1,1,0,1,d,c,6360.0,12.0,2010.0,1,14.0,2012.0,"Mar,Jun,Sept,Dec",False,False,False
200,5,2013-04-05,6853,918,1,0,0,1,a,a,1650.0,10.0,2000.0,0,,,,False,False,False
200,1,2014-08-18,9106,1107,1,1,0,1,a,a,1650.0,10.0,2000.0,0,,,,False,False,False
201,6,2014-09-06,5447,458,1,0,0,0,d,a,20260.0,8.0,2010.0,1,18.0,2014.0,"Mar,Jun,Sept,Dec",False,True,False
202,2,2013-04-16,3211,324,1,0,0,0,d,c,5140.0,5.0,2010.0,0,,,,False,False,False
202,4,2014-09-04,6538,523,1,1,0,1,d,c,5140.0,5.0,2010.0,0,,,,False,False,False
203,4,2014-10-23,6742,893,1,1,0,0,c,c,490.0,11.0,2002.0,0,,,,False,False,False
203,5,2015-06-05,6464,828,1,1,0,0,c,c,490.0,11.0,2002.0,0,,,,False,False,False
206,4,2013-10-31,8129,1005,1,0,0,1,a,c,380.0,8.0,2010.0,1,14.0,2012.0,"Jan,Apr,Jul,Oct",False,True,False
206,1,2015-03-02,11871,1126,1,1,0,0,a,c,380.0,8.0,2010.0,1,14.0,2012.0,"Jan,Apr,Jul,Oct",False,True,False
207,6,2014-02-01,8562,1030,1,0,0,0,a,a,6870.0,8.0,2010.0,0,,,,False,True,False
208,3,2013-03-27,3698,523,1,1,0,1,c,a,300.0,4.0,2006.0,0,,,,False,False,False
208,6,2014-01-11,3188,459,1,0,0,0,c,a,300.0,4.0,2006.0,0,,,,False,False,False
208,5,2014-07-04,3317,430,1,1,0,0,c,a,300.0,4.0,2006.0,0,,,,False,False,False
208,6,2015-06-27,3245,421,1,0,0,0,c,a,300.0,4.0,2006.0,0,,,,False,False,False
209,7,2013-08-25,1960,224,1,0,0,0,a,c,11680.0,9.0,2011.0,1,31.0,2013.0,"Jan,Apr,Jul,Oct",False,False,False
210,7,2013-11-17,0,0,0,0,0,0,d,a,970.0,11.0,1999.0,1,5.0,2013.0,"Feb,May,Aug,Nov",False,False,False
210,7,2015-05-31,0,0,0,0,0,0,d,a,970.0,11.0,1999.0,1,5.0,2013.0,"Feb,May,Aug,Nov",False,False,False
211,2,2013-03-12,11311,1412,1,0,0,0,a,c,350.0,11.0,2006.0,0,,,,False,False,False
211,6,2015-07-18,10071,1118,1,0,0,0,a,c,350.0,11.0,2006.0,0,,,,False,False,False
212,1,2013-01-21,6650,554,1,1,0,0,a,c,15050.0,9.0,2008.0,0,,,,False,False,False
212,3,2013-02-13,4761,502,1,0,0,0,a,c,15050.0,9.0,2008.0,0,,,,False,False,False
212,7,2014-02-23,0,0,0,0,0,0,a,c,15050.0,9.0,2008.0,0,,,,False,False,False
212,7,2014-08-31,0,0,0,0,0,0,a,c,15050.0,9.0,2008.0,0,,,,False,False,False
213,7,2013-08-25,0,0,0,0,0,0,d,c,4030.0,3.0,2014.0,1,1.0,2014.0,"Jan,Apr,Jul,Oct",False,False,False
213,4,2014-02-20,8560,680,1,1,0,0,d,c,4030.0,3.0,2014.0,1,1.0,2014.0,"Jan,Apr,Jul,Oct",False,False,False
213,4,2015-02-26,6500,551,1,0,0,0,d,c,4030.0,3.0,2014.0,1,1.0,2014.0,"Jan,Apr,Jul,Oct",False,False,False
214,2,2013-12-03,11595,801,1,1,0,0,d,a,8650.0,7.0,2013.0,1,10.0,2014.0,"Jan,Apr,Jul,Oct",False,False,False
214,3,2014-04-09,7136,582,1,0,0,0,d,a,8650.0,7.0,2013.0,1,10.0,2014.0,"Jan,Apr,Jul,Oct",False,False,False
215,6,2015-02-07,7296,550,1,0,0,0,d,a,150.0,8.0,2010.0,1,45.0,2009.0,"Feb,May,Aug,Nov",False,True,False
216,1,2013-05-20,0,0,0,0,a,0,c,a,190.0,8.0,2010.0,1,45.0,2009.0,"Feb,May,Aug,Nov",False,True,False
216,1,2013-11-25,5973,883,1,0,0,0,c,a,190.0,8.0,2010.0,1,45.0,2009.0,"Feb,May,Aug,Nov",False,True,False
216,4,2014-09-11,5680,776,1,0,0,0,c,a,190.0,8.0,2010.0,1,45.0,2009.0,"Feb,May,Aug,Nov",False,True,False
216,1,2015-04-06,0,0,0,0,b,1,c,a,190.0,8.0,2010.0,1,45.0,2009.0,"Feb,May,Aug,Nov",False,True,False
216,6,2015-07-18,5990,722,1,0,0,0,c,a,190.0,8.0,2010.0,1,45.0,2009.0,"Feb,May,Aug,Nov",False,True,False
217,2,2013-01-29,3332,519,1,0,0,0,c,a,3150.0,8.0,2010.0,0,,,,False,True,False
217,5,2014-02-21,5077,668,1,1,0,0,c,a,3150.0,8.0,2010.0,0,,,,False,True,False
217,4,2014-11-20,3849,565,1,0,0,0,c,a,3150.0,8.0,2010.0,0,,,,False,True,False
219,5,2015-07-24,3510,409,1,0,0,1,a,a,1640.0,2.0,2013.0,0,,,,False,False,False
220,1,2013-01-14,3879,625,1,0,0,0,a,a,1000.0,9.0,2008.0,0,,,,False,False,False
220,7,2014-11-30,0,0,0,0,0,0,a,a,1000.0,9.0,2008.0,0,,,,False,False,False
220,2,2015-02-17,6512,772,1,1,0,0,a,a,1000.0,9.0,2008.0,0,,,,False,False,False
221,4,2013-10-31,5757,552,1,0,0,0,d,c,13530.0,9.0,2013.0,0,,,,False,False,False
221,6,2015-05-02,8405,783,1,0,0,0,d,c,13530.0,9.0,2013.0,0,,,,False,False,False
222,7,2013-11-03,0,0,0,0,0,0,a,a,2170.0,11.0,2008.0,0,,,,False,False,False
222,2,2015-02-24,4482,569,1,0,0,0,a,a,2170.0,11.0,2008.0,0,,,,False,False,False
223,3,2014-12-31,3548,412,1,0,0,1,d,c,2920.0,10.0,1995.0,1,27.0,2011.0,"Jan,Apr,Jul,Oct",False,False,False
225,7,2013-05-19,0,0,0,0,0,0,d,a,10180.0,5.0,2015.0,0,,,,False,False,False
225,4,2015-04-16,6026,662,1,1,0,0,d,a,10180.0,5.0,2015.0,0,,,,False,False,False
226,4,2015-03-19,7507,721,1,1,0,0,a,a,450.0,8.0,2010.0,0,,,,False,True,False
227,3,2013-09-11,6256,551,1,1,0,0,a,a,2370.0,8.0,2010.0,0,,,,False,True,False
228,7,2013-03-24,0,0,0,0,0,0,d,c,10800.0,8.0,2010.0,1,18.0,2011.0,"Feb,May,Aug,Nov",False,True,False
229,1,2013-05-20,0,0,0,0,a,0,d,c,17410.0,4.0,2007.0,1,14.0,2011.0,"Jan,Apr,Jul,Oct",False,False,False
229,1,2013-08-26,10496,862,1,1,0,0,d,c,17410.0,4.0,2007.0,1,14.0,2011.0,"Jan,Apr,Jul,Oct",False,False,False
229,5,2013-09-13,9989,885,1,1,0,0,d,c,17410.0,4.0,2007.0,1,14.0,2011.0,"Jan,Apr,Jul,Oct",False,False,False
229,3,2014-03-26,6402,591,1,0,0,0,d,c,17410.0,4.0,2007.0,1,14.0,2011.0,"Jan,Apr,Jul,Oct",False,False,False
230,2,2014-10-21,6351,802,1,1,0,1,d,c,6680.0,9.0,2013.0,0,,,,False,False,False
230,6,2015-05-09,8169,984,1,0,0,0,d,c,6680.0,9.0,2013.0,0,,,,False,False,False
233,2,2013-04-09,9409,1079,1,1,0,0,a,a,1890.0,8.0,2010.0,0,,,,False,True,False
233,6,2013-10-26,7157,839,1,0,0,0,a,a,1890.0,8.0,2010.0,0,,,,False,True,False
233,2,2014-04-15,12102,1178,1,1,0,1,a,a,1890.0,8.0,2010.0,0,,,,False,True,False
234,5,2014-08-01,12634,1100,1,1,0,1,d,a,4370.0,8.0,2010.0,0,,,,False,True,False
234,2,2014-08-19,13453,1194,1,1,0,1,d,a,4370.0,8.0,2010.0,0,,,,False,True,False
234,4,2015-01-22,7359,820,1,0,0,0,d,a,4370.0,8.0,2010.0,0,,,,False,True,False
235,4,2013-06-06,7039,555,1,1,0,0,a,a,5710.0,3.0,2012.0,1,37.0,2009.0,"Jan,Apr,Jul,Oct",False,False,False
235,1,2014-11-17,5440,506,1,0,0,0,a,a,5710.0,3.0,2012.0,1,37.0,2009.0,"Jan,Apr,Jul,Oct",False,False,False
236,5,2013-10-18,5921,842,1,0,0,0,a,a,1000.0,11.0,2007.0,0,,,,False,False,False
236,3,2015-04-22,6158,860,1,0,0,0,a,a,1000.0,11.0,2007.0,0,,,,False,False,False
237,5,2014-06-13,4158,548,1,0,0,0,a,a,1420.0,11.0,2007.0,0,,,,False,False,False
237,1,2015-02-23,5174,598,1,0,0,0,a,a,1420.0,11.0,2007.0,0,,,,False,False,False
237,5,2015-07-24,3369,479,1,0,0,1,a,a,1420.0,11.0,2007.0,0,,,,False,False,False
238,7,2014-10-26,0,0,0,0,0,0,a,a,320.0,8.0,2010.0,1,45.0,2009.0,"Feb,May,Aug,Nov",False,True,False
239,2,2013-12-17,7675,568,1,1,0,0,d,c,610.0,8.0,2010.0,0,,,,False,True,False
239,3,2015-02-25,4023,384,1,0,0,0,d,c,610.0,8.0,2010.0,0,,,,False,True,False
240,4,2013-11-14,3635,352,1,0,0,0,a,a,1110.0,5.0,2009.0,0,,,,False,False,False
241,1,2013-12-23,13103,1319,1,0,0,1,d,c,780.0,8.0,2010.0,0,,,,False,True,False
243,1,2014-03-24,5021,770,1,0,0,0,a,a,310.0,8.0,2010.0,1,5.0,2013.0,"Feb,May,Aug,Nov",False,True,False
243,5,2014-04-11,5735,884,1,0,0,0,a,a,310.0,8.0,2010.0,1,5.0,2013.0,"Feb,May,Aug,Nov",False,True,False
243,1,2014-05-19,10144,1173,1,1,0,0,a,a,310.0,8.0,2010.0,1,5.0,2013.0,"Feb,May,Aug,Nov",False,True,False
244,4,2014-11-06,6072,552,1,1,0,0,d,a,710.0,3.0,2012.0,1,1.0,2012.0,"Jan,Apr,Jul,Oct",False,False,False
244,3,2015-03-11,3418,391,1,0,0,0,d,a,710.0,3.0,2012.0,1,1.0,2012.0,"Jan,Apr,Jul,Oct",False,False,False
245,4,2014-08-14,7971,900,1,0,0,1,a,c,1310.0,8.0,2010.0,0,,,,False,True,False
246,1,2013-01-07,9991,1192,1,1,0,0,c,a,4660.0,4.0,2013.0,0,,,,False,False,False
246,3,2014-04-02,7962,1000,1,1,0,0,c,a,4660.0,4.0,2013.0,0,,,,False,False,False
247,6,2013-03-16,8526,705,1,0,0,0,d,c,70.0,11.0,2010.0,1,5.0,2013.0,"Feb,May,Aug,Nov",False,False,False
247,6,2013-10-05,7282,629,1,0,0,0,d,c,70.0,11.0,2010.0,1,5.0,2013.0,"Feb,May,Aug,Nov",False,False,False
247,4,2014-07-24,6804,582,1,0,0,0,d,c,70.0,11.0,2010.0,1,5.0,2013.0,"Feb,May,Aug,Nov",False,False,False
247,4,2014-10-23,8913,723,1,1,0,1,d,c,70.0,11.0,2010.0,1,5.0,2013.0,"Feb,May,Aug,Nov",False,False,False
248,2,2013-04-02,8461,1306,1,0,0,1,a,c,340.0,9.0,2012.0,1,40.0,2012.0,"Jan,Apr,Jul,Oct",False,False,False
248,3,2013-10-02,8022,1223,1,0,0,0,a,c,340.0,9.0,2012.0,1,40.0,2012.0,"Jan,Apr,Jul,Oct",False,False,False
248,3,2013-10-23,8209,1100,1,1,0,0,a,c,340.0,9.0,2012.0,1,40.0,2012.0,"Jan,Apr,Jul,Oct",False,False,False
251,7,2013-07-07,0,0,0,0,0,0,a,c,340.0,8.0,2010.0,0,,,,False,True,False
251,1,2013-09-30,17788,2366,1,0,0,0,a,c,340.0,8.0,2010.0,0,,,,False,True,False
251,2,2014-09-23,15479,2215,1,0,0,0,a,c,340.0,8.0,2010.0,0,,,,False,True,False
252,5,2014-07-25,9418,775,1,0,0,1,d,c,22330.0,8.0,2010.0,1,5.0,2010.0,"Feb,May,Aug,Nov",False,True,False
253,5,2013-08-02,5699,663,1,1,0,1,a,c,250.0,8.0,2010.0,1,5.0,2013.0,"Feb,May,Aug,Nov",False,True,False
253,2,2015-05-12,4435,605,1,0,0,0,a,c,250.0,8.0,2010.0,1,5.0,2013.0,"Feb,May,Aug,Nov",False,True,False
254,2,2013-07-02,3087,265,1,1,0,0,d,a,330.0,3.0,2008.0,1,1.0,2012.0,"Mar,Jun,Sept,Dec",False,False,False
254,4,2014-05-22,2792,208,1,1,0,0,d,a,330.0,3.0,2008.0,1,1.0,2012.0,"Mar,Jun,Sept,Dec",False,False,False
254,2,2015-05-19,3440,280,1,1,0,0,d,a,330.0,3.0,2008.0,1,1.0,2012.0,"Mar,Jun,Sept,Dec",False,False,False
255,6,2015-07-18,6379,592,1,0,0,0,c,c,4630.0,3.0,2011.0,1,35.0,2011.0,"Feb,May,Aug,Nov",False,False,False
256,6,2013-04-27,10228,1289,1,0,0,0,a,c,80.0,9.0,2005.0,1,10.0,2014.0,"Mar,Jun,Sept,Dec",False,False,False
256,2,2014-02-04,14729,1676,1,1,0,0,a,c,80.0,9.0,2005.0,1,10.0,2014.0,"Mar,Jun,Sept,Dec",False,False,False
259,7,2013-03-10,11663,2229,1,0,0,0,b,b,210.0,8.0,2010.0,0,,,,False,True,False
259,7,2013-12-01,16090,2721,1,0,0,0,b,b,210.0,8.0,2010.0,0,,,,False,True,False
261,6,2013-06-01,7265,654,1,0,0,0,d,c,15340.0,4.0,2015.0,1,39.0,2009.0,"Jan,Apr,Jul,Oct",False,False,False
261,7,2014-03-23,0,0,0,0,0,0,d,c,15340.0,4.0,2015.0,1,39.0,2009.0,"Jan,Apr,Jul,Oct",False,False,False
262,4,2014-03-13,15328,2758,1,0,0,1,b,a,1180.0,5.0,2013.0,0,,,,False,False,False
262,3,2015-04-01,26738,3596,1,1,0,0,b,a,1180.0,5.0,2013.0,0,,,,False,False,False
263,7,2013-03-24,0,0,0,0,0,0,a,c,1140.0,5.0,2013.0,1,40.0,2014.0,"Jan,Apr,Jul,Oct",False,False,False
263,6,2014-04-26,4033,416,1,0,0,0,a,c,1140.0,5.0,2013.0,1,40.0,2014.0,"Jan,Apr,Jul,Oct",False,False,False
263,4,2014-05-29,0,0,0,0,a,0,a,c,1140.0,5.0,2013.0,1,40.0,2014.0,"Jan,Apr,Jul,Oct",False,False,False
264,2,2015-01-20,4989,747,1,0,0,0,a,a,180.0,3.0,2014.0,0,,,,False,False,False
265,3,2013-03-13,3650,410,1,0,0,0,a,a,4580.0,8.0,2010.0,1,14.0,2015.0,"Jan,Apr,Jul,Oct",False,True,False
265,5,2014-01-24,4914,538,1,1,0,0,a,a,4580.0,8.0,2010.0,1,14.0,2015.0,"Jan,Apr,Jul,Oct",False,True,False
267,7,2013-11-24,0,0,0,0,0,0,c,a,2460.0,1.0,2012.0,0,,,,False,False,False
267,2,2013-12-10,9437,1118,1,0,0,0,c,a,2460.0,1.0,2012.0,0,,,,False,False,False
268,7,2014-09-14,0,0,0,0,0,0,a,a,4520.0,2.0,2014.0,0,,,,False,False,False
268,4,2015-06-04,5546,618,1,1,0,0,a,a,4520.0,2.0,2014.0,0,,,,False,False,False
269,6,2014-04-26,6382,887,1,0,0,0,a,c,60.0,6.0,2015.0,0,,,,False,False,False
271,7,2014-09-14,0,0,0,0,0,0,a,a,420.0,8.0,2010.0,1,14.0,2011.0,"Jan,Apr,Jul,Oct",False,True,False
273,3,2013-01-23,6900,646,1,1,0,0,a,c,8480.0,8.0,2010.0,0,,,,False,True,False
273,1,2013-03-04,10095,972,1,1,0,0,a,c,8480.0,8.0,2010.0,0,,,,False,True,False
274,5,2013-01-11,2021,652,1,1,0,1,b,b,3640.0,8.0,2010.0,1,10.0,2013.0,"Jan,Apr,Jul,Oct",False,True,False
274,4,2013-02-28,2955,768,1,0,0,0,b,b,3640.0,8.0,2010.0,1,10.0,2013.0,"Jan,Apr,Jul,Oct",False,True,False
274,7,2013-10-13,5776,1316,1,0,0,0,b,b,3640.0,8.0,2010.0,1,10.0,2013.0,"Jan,Apr,Jul,Oct",False,True,False
274,4,2015-07-23,5725,1260,1,0,0,0,b,b,3640.0,8.0,2010.0,1,10.0,2013.0,"Jan,Apr,Jul,Oct",False,True,False
275,2,2014-01-14,5275,572,1,0,0,0,d,a,300.0,5.0,2014.0,1,40.0,2014.0,"Jan,Apr,Jul,Oct",False,False,False
276,4,2013-07-25,3622,514,1,0,0,1,a,a,2960.0,10.0,2014.0,1,36.0,2013.0,"Mar,Jun,Sept,Dec",False,False,False
276,7,2014-03-30,0,0,0,0,0,0,a,a,2960.0,10.0,2014.0,1,36.0,2013.0,"Mar,Jun,Sept,Dec",False,False,False
278,5,2014-10-10,7878,860,1,1,0,0,a,c,9260.0,2.0,2010.0,0,,,,False,False,False
280,3,2013-02-06,6830,556,1,1,0,0,d,c,18640.0,9.0,2013.0,1,10.0,2014.0,"Mar,Jun,Sept,Dec",False,False,False
280,1,2014-06-09,0,0,0,0,a,0,d,c,18640.0,9.0,2013.0,1,10.0,2014.0,"Mar,Jun,Sept,Dec",False,False,False
281,3,2013-01-30,4431,449,1,0,0,0,d,c,6970.0,9.0,2011.0,0,,,,False,False,False
281,3,2013-11-13,4207,442,1,0,0,0,d,c,6970.0,9.0,2011.0,0,,,,False,False,False
281,6,2015-01-17,5350,571,1,0,0,0,d,c,6970.0,9.0,2011.0,0,,,,False,False,False
281,1,2015-06-15,8050,661,1,1,0,0,d,c,6970.0,9.0,2011.0,0,,,,False,False,False
282,4,2014-06-19,4982,709,1,1,0,0,a,a,1220.0,12.0,2010.0,0,,,,False,False,False
282,2,2014-10-07,5319,716,1,1,0,0,a,a,1220.0,12.0,2010.0,0,,,,False,False,False
283,1,2015-06-22,6925,725,1,0,0,0,a,a,2260.0,8.0,2010.0,1,40.0,2014.0,"Jan,Apr,Jul,Oct",False,True,False
285,7,2014-01-19,0,0,0,0,0,0,a,a,2410.0,8.0,2010.0,0,,,,False,True,False
285,1,2014-02-17,6538,542,1,1,0,0,a,a,2410.0,8.0,2010.0,0,,,,False,True,False
286,3,2013-07-31,6806,548,1,1,0,1,a,a,1460.0,4.0,2015.0,0,,,,False,False,False
286,7,2014-07-13,0,0,0,0,0,0,a,a,1460.0,4.0,2015.0,0,,,,False,False,False
286,5,2015-01-09,6206,539,1,1,0,0,a,a,1460.0,4.0,2015.0,0,,,,False,False,False
286,2,2015-02-10,3594,395,1,0,0,0,a,a,1460.0,4.0,2015.0,0,,,,False,False,False
286,3,2015-04-01,9218,652,1,1,0,1,a,a,1460.0,4.0,2015.0,0,,,,False,False,False
286,5,2015-05-22,4406,442,1,1,0,0,a,a,1460.0,4.0,2015.0,0,,,,False,False,False
289,5,2014-04-25,5369,522,1,0,0,1,d,a,6540.0,12.0,2007.0,0,,,,False,False,False
289,2,2015-06-16,7068,588,1,1,0,0,d,a,6540.0,12.0,2007.0,0,,,,False,False,False
290,7,2013-05-26,0,0,0,0,0,0,a,a,4150.0,5.0,2001.0,0,,,,False,False,False
290,2,2014-03-04,12772,1053,1,1,0,0,a,a,4150.0,5.0,2001.0,0,,,,False,False,False
291,1,2013-10-07,14021,1309,1,1,0,0,d,a,2325.0,8.0,2010.0,0,,,,True,True,False
293,5,2015-05-15,6226,786,1,0,0,1,c,c,140.0,11.0,2007.0,0,,,,False,False,False
294,7,2013-08-04,0,0,0,0,0,1,a,a,3150.0,5.0,2005.0,0,,,,False,False,False
294,7,2013-09-22,0,0,0,0,0,0,a,a,3150.0,5.0,2005.0,0,,,,False,False,False
295,5,2014-01-10,5300,648,1,1,0,0,a,a,210.0,11.0,2000.0,1,36.0,2013.0,"Mar,Jun,Sept,Dec",False,False,False
295,5,2014-07-25,4629,632,1,0,0,0,a,a,210.0,11.0,2000.0,1,36.0,2013.0,"Mar,Jun,Sept,Dec",False,False,False
296,5,2013-02-15,5281,644,1,0,0,0,a,a,9580.0,5.0,2007.0,1,45.0,2014.0,"Feb,May,Aug,Nov",False,False,False
296,4,2015-01-29,7973,777,1,1,0,0,a,a,9580.0,5.0,2007.0,1,45.0,2014.0,"Feb,May,Aug,Nov",False,False,False
296,3,2015-02-11,5636,727,1,0,0,0,a,a,9580.0,5.0,2007.0,1,45.0,2014.0,"Feb,May,Aug,Nov",False,False,False
296,6,2015-07-25,4785,457,1,0,0,0,a,a,9580.0,5.0,2007.0,1,45.0,2014.0,"Feb,May,Aug,Nov",False,False,False
297,6,2013-10-12,4286,497,1,0,0,0,a,a,2300.0,9.0,2010.0,0,,,,False,False,False
297,3,2014-10-08,7427,764,1,1,0,0,a,a,2300.0,9.0,2010.0,0,,,,False,False,False
298,3,2013-07-17,8463,674,1,1,0,0,d,a,19840.0,7.0,2009.0,0,,,,False,False,False
299,2,2013-05-21,7718,907,1,0,0,0,d,c,38630.0,9.0,2012.0,0,,,,False,False,False
299,6,2014-07-12,9971,1035,1,0,0,0,d,c,38630.0,9.0,2012.0,0,,,,False,False,False
300,6,2014-03-29,7929,962,1,0,0,0,a,c,120.0,4.0,2009.0,1,1.0,2012.0,"Jan,Apr,Jul,Oct",False,False,False
300,4,2014-07-10,5678,795,1,0,0,0,a,c,120.0,4.0,2009.0,1,1.0,2012.0,"Jan,Apr,Jul,Oct",False,False,False
300,2,2014-11-18,5537,739,1,0,0,0,a,c,120.0,4.0,2009.0,1,1.0,2012.0,"Jan,Apr,Jul,Oct",False,False,False
300,3,2014-12-24,6524,763,1,0,0,1,a,c,120.0,4.0,2009.0,1,1.0,2012.0,"Jan,Apr,Jul,Oct",False,False,False
300,1,2015-06-01,7632,923,1,1,0,0,a,c,120.0,4.0,2009.0,1,1.0,2012.0,"Jan,Apr,Jul,Oct",False,False,False
301,2,2014-09-02,6309,689,1,1,0,0,a,c,4510.0,3.0,2015.0,0,,,,False,False,False
301,3,2014-09-17,5602,603,1,1,0,0,a,c,4510.0,3.0,2015.0,0,,,,False,False,False
301,1,2015-06-29,7128,657,1,1,0,0,a,c,4510.0,3.0,2015.0,0,,,,False,False,False
302,4,2015-06-11,2724,255,1,0,0,0,d,c,2190.0,12.0,2007.0,1,9.0,2011.0,"Mar,Jun,Sept,Dec",False,False,False
303,1,2013-01-14,4272,533,1,0,0,0,a,a,15430.0,11.0,2012.0,1,18.0,2011.0,"Feb,May,Aug,Nov",False,False,False
303,4,2013-06-13,4617,562,1,0,0,0,a,a,15430.0,11.0,2012.0,1,18.0,2011.0,"Feb,May,Aug,Nov",False,False,False
303,7,2013-12-29,0,0,0,0,0,0,a,a,15430.0,11.0,2012.0,1,18.0,2011.0,"Feb,May,Aug,Nov",False,False,False
303,4,2014-04-17,7701,879,1,1,0,1,a,a,15430.0,11.0,2012.0,1,18.0,2011.0,"Feb,May,Aug,Nov",False,False,False
303,3,2014-11-12,6399,670,1,1,0,0,a,a,15430.0,11.0,2012.0,1,18.0,2011.0,"Feb,May,Aug,Nov",False,False,False
304,5,2013-03-08,7130,1038,1,1,0,0,a,a,1950.0,7.0,2015.0,0,,,,False,False,False
308,1,2013-07-29,0,0,0,1,0,1,a,a,1070.0,12.0,2006.0,1,13.0,2010.0,"Jan,Apr,Jul,Oct",False,False,False
308,3,2013-08-21,7467,866,1,0,0,1,a,a,1070.0,12.0,2006.0,1,13.0,2010.0,"Jan,Apr,Jul,Oct",False,False,False
308,4,2013-11-07,9173,909,1,1,0,0,a,a,1070.0,12.0,2006.0,1,13.0,2010.0,"Jan,Apr,Jul,Oct",False,False,False
309,3,2013-03-27,8599,689,1,1,0,1,d,a,8740.0,8.0,2010.0,1,37.0,2009.0,"Feb,May,Aug,Nov",False,True,False
309,4,2013-06-06,7593,641,1,1,0,0,d,a,8740.0,8.0,2010.0,1,37.0,2009.0,"Feb,May,Aug,Nov",False,True,False
309,4,2013-11-07,7286,596,1,1,0,0,d,a,8740.0,8.0,2010.0,1,37.0,2009.0,"Feb,May,Aug,Nov",False,True,False
309,5,2014-12-05,8532,684,1,1,0,0,d,a,8740.0,8.0,2010.0,1,37.0,2009.0,"Feb,May,Aug,Nov",False,True,False
310,7,2013-05-26,2075,219,1,0,0,0,a,c,2290.0,8.0,2010.0,1,10.0,2014.0,"Mar,Jun,Sept,Dec",False,True,False
310,4,2014-01-02,7963,742,1,0,0,1,a,c,2290.0,8.0,2010.0,1,10.0,2014.0,"Mar,Jun,Sept,Dec",False,True,False
310,4,2014-07-03,10257,805,1,1,0,0,a,c,2290.0,8.0,2010.0,1,10.0,2014.0,"Mar,Jun,Sept,Dec",False,True,False
310,7,2015-01-25,0,0,0,0,0,0,a,c,2290.0,8.0,2010.0,1,10.0,2014.0,"Mar,Jun,Sept,Dec",False,True,False
311,3,2014-04-30,10840,1102,1,1,0,0,a,c,680.0,7.0,2005.0,0,,,,False,False,False
311,4,2015-07-09,5921,780,1,0,0,0,a,c,680.0,7.0,2005.0,0,,,,False,False,False
312,5,2014-04-04,6327,612,1,1,0,0,d,a,11300.0,3.0,2012.0,0,,,,False,False,False
312,7,2014-11-23,0,0,0,0,0,0,d,a,11300.0,3.0,2012.0,0,,,,False,False,False
312,1,2015-01-19,4182,470,1,0,0,0,d,a,11300.0,3.0,2012.0,0,,,,False,False,False
313,6,2013-08-03,4763,549,1,0,0,0,d,c,14160.0,8.0,2010.0,0,,,,False,True,False
315,3,2014-06-18,4522,469,1,1,0,0,a,c,38710.0,4.0,2013.0,0,,,,False,False,False
315,5,2015-07-31,5959,553,1,1,0,1,a,c,38710.0,4.0,2013.0,0,,,,False,False,False
316,7,2013-10-20,0,0,0,0,0,0,d,a,9000.0,8.0,2001.0,0,,,,False,False,False
316,5,2013-10-25,9318,878,1,1,0,1,d,a,9000.0,8.0,2001.0,0,,,,False,False,False
316,4,2015-07-30,10450,905,1,1,0,1,d,a,9000.0,8.0,2001.0,0,,,,False,False,False
317,6,2015-01-24,5938,676,1,0,0,0,d,a,3140.0,7.0,2013.0,1,14.0,2011.0,"Jan,Apr,Jul,Oct",False,False,False
318,6,2013-10-19,5333,501,1,0,0,0,d,c,32330.0,3.0,2014.0,0,,,,False,False,False
318,4,2015-07-23,7503,678,1,0,0,1,d,c,32330.0,3.0,2014.0,0,,,,False,False,False
319,5,2013-03-15,8375,978,1,0,0,0,a,c,570.0,9.0,2012.0,1,27.0,2012.0,"Mar,Jun,Sept,Dec",False,False,False
321,6,2013-02-02,6949,709,1,0,0,0,c,c,8140.0,11.0,2013.0,1,10.0,2014.0,"Mar,Jun,Sept,Dec",False,False,False
321,5,2013-02-22,7138,707,1,1,0,0,c,c,8140.0,11.0,2013.0,1,10.0,2014.0,"Mar,Jun,Sept,Dec",False,False,False
321,4,2015-07-30,7119,656,1,1,0,1,c,c,8140.0,11.0,2013.0,1,10.0,2014.0,"Mar,Jun,Sept,Dec",False,False,False
322,4,2013-09-19,4302,580,1,0,0,0,a,a,17500.0,4.0,2001.0,1,37.0,2009.0,"Jan,Apr,Jul,Oct",False,False,False
322,1,2014-05-12,4095,570,1,0,0,0,a,a,17500.0,4.0,2001.0,1,37.0,2009.0,"Jan,Apr,Jul,Oct",False,False,False
323,4,2014-05-15,6046,523,1,0,0,0,d,c,8400.0,4.0,2012.0,1,5.0,2013.0,"Feb,May,Aug,Nov",False,False,False
323,6,2014-12-13,9361,725,1,0,0,0,d,c,8400.0,4.0,2012.0,1,5.0,2013.0,"Feb,May,Aug,Nov",False,False,False
323,2,2014-12-16,11199,807,1,1,0,0,d,c,8400.0,4.0,2012.0,1,5.0,2013.0,"Feb,May,Aug,Nov",False,False,False
324,1,2013-04-08,10260,1173,1,1,0,0,a,a,13140.0,8.0,2010.0,1,14.0,2011.0,"Jan,Apr,Jul,Oct",False,True,False
324,3,2013-10-16,4435,651,1,0,0,0,a,a,13140.0,8.0,2010.0,1,14.0,2011.0,"Jan,Apr,Jul,Oct",False,True,False
324,4,2015-07-09,4971,657,1,0,0,0,a,a,13140.0,8.0,2010.0,1,14.0,2011.0,"Jan,Apr,Jul,Oct",False,True,False
325,2,2013-11-12,4774,539,1,0,0,0,a,c,350.0,3.0,2011.0,1,22.0,2011.0,"Feb,May,Aug,Nov",False,False,False
326,1,2013-02-25,2755,258,1,0,0,0,d,a,10070.0,5.0,2015.0,1,31.0,2013.0,"Feb,May,Aug,Nov",False,False,False
327,5,2014-10-03,0,0,0,1,a,0,c,c,1390.0,12.0,2004.0,0,,,,False,False,False
327,3,2014-10-08,8860,1015,1,1,0,0,c,c,1390.0,12.0,2004.0,0,,,,False,False,False
328,6,2013-03-02,2959,340,1,0,0,0,a,a,3130.0,7.0,2002.0,0,,,,False,False,False
328,7,2013-03-03,0,0,0,0,0,0,a,a,3130.0,7.0,2002.0,0,,,,False,False,False
328,3,2014-09-10,3799,496,1,0,0,0,a,a,3130.0,7.0,2002.0,0,,,,False,False,False
329,3,2014-02-26,6059,606,1,0,0,0,a,a,1310.0,6.0,1990.0,1,22.0,2012.0,"Mar,Jun,Sept,Dec",False,False,False
330,7,2015-02-08,0,0,0,0,0,0,a,c,370.0,8.0,2010.0,1,22.0,2012.0,"Mar,Jun,Sept,Dec",False,True,False
330,6,2015-04-18,4440,450,1,0,0,0,a,c,370.0,8.0,2010.0,1,22.0,2012.0,"Mar,Jun,Sept,Dec",False,True,False
331,4,2013-10-31,8473,1138,1,0,0,0,a,c,670.0,8.0,2010.0,1,14.0,2015.0,"Jan,Apr,Jul,Oct",False,True,False
332,6,2013-07-13,1607,232,1,0,0,0,a,a,1840.0,3.0,2006.0,0,,,,False,False,False
332,4,2013-10-03,0,0,0,0,a,0,a,a,1840.0,3.0,2006.0,0,,,,False,False,False
332,3,2014-09-24,3240,478,1,0,0,0,a,a,1840.0,3.0,2006.0,0,,,,False,False,False
332,5,2014-10-17,3609,498,1,0,0,0,a,a,1840.0,3.0,2006.0,0,,,,False,False,False
333,2,2014-04-15,13771,1628,1,1,0,0,a,c,3720.0,2.0,2010.0,0,,,,False,False,False
334,3,2013-04-17,4156,495,1,0,0,0,d,c,4040.0,8.0,2008.0,1,18.0,2013.0,"Mar,Jun,Sept,Dec",False,False,False
335,6,2013-06-15,7788,1616,1,0,0,0,b,a,90.0,8.0,2010.0,1,31.0,2013.0,"Jan,Apr,Jul,Oct",False,True,False
336,7,2014-04-13,0,0,0,0,0,0,a,a,190.0,7.0,2014.0,0,,,,False,False,False
337,5,2013-08-09,4368,373,1,0,0,1,d,c,10600.0,7.0,2005.0,1,45.0,2014.0,"Feb,May,Aug,Nov",False,False,False
337,2,2013-11-19,5191,383,1,1,0,0,d,c,10600.0,7.0,2005.0,1,45.0,2014.0,"Feb,May,Aug,Nov",False,False,False
337,6,2014-07-26,5524,432,1,0,0,0,d,c,10600.0,7.0,2005.0,1,45.0,2014.0,"Feb,May,Aug,Nov",False,False,False
338,5,2013-06-21,8657,669,1,1,0,0,a,c,1590.0,8.0,2010.0,1,37.0,2009.0,"Jan,Apr,Jul,Oct",False,True,False
339,2,2013-01-01,0,0,0,0,a,1,a,c,2280.0,8.0,2010.0,1,10.0,2013.0,"Mar,Jun,Sept,Dec",False,True,False
340,3,2014-02-19,6537,703,1,1,0,0,a,c,8080.0,8.0,2010.0,0,,,,False,True,False
340,3,2014-03-12,5232,631,1,0,0,0,a,c,8080.0,8.0,2010.0,0,,,,False,True,False
340,4,2015-01-08,5480,608,1,1,0,0,a,c,8080.0,8.0,2010.0,0,,,,False,True,False
341,7,2013-05-12,0,0,0,0,0,0,a,a,190.0,9.0,2011.0,0,,,,False,False,False
341,3,2015-04-08,5223,717,1,0,0,1,a,a,190.0,9.0,2011.0,0,,,,False,False,False
342,4,2013-09-12,13411,1036,1,1,0,0,d,c,15770.0,8.0,2010.0,1,40.0,2014.0,"Jan,Apr,Jul,Oct",False,True,False
343,4,2013-09-12,7884,746,1,1,0,0,d,a,18650.0,4.0,2004.0,1,14.0,2014.0,"Jan,Apr,Jul,Oct",False,False,False
343,3,2014-06-18,9075,866,1,1,0,0,d,a,18650.0,4.0,2004.0,1,14.0,2014.0,"Jan,Apr,Jul,Oct",False,False,False
343,6,2014-09-06,5221,561,1,0,0,0,d,a,18650.0,4.0,2004.0,1,14.0,2014.0,"Jan,Apr,Jul,Oct",False,False,False
343,5,2014-12-19,11026,974,1,1,0,0,d,a,18650.0,4.0,2004.0,1,14.0,2014.0,"Jan,Apr,Jul,Oct",False,False,False
344,6,2014-08-30,7293,1074,1,0,0,0,a,c,300.0,4.0,2011.0,1,14.0,2011.0,"Jan,Apr,Jul,Oct",False,False,False
345,5,2013-07-19,5308,550,1,1,0,0,a,a,120.0,8.0,2010.0,1,22.0,2012.0,"Jan,Apr,Jul,Oct",False,True,False
346,7,2014-01-26,0,0,0,0,0,0,a,c,8090.0,8.0,2010.0,0,,,,False,True,False
346,5,2015-06-26,7026,655,1,0,0,0,a,c,8090.0,8.0,2010.0,0,,,,False,True,False
347,4,2013-05-23,3452,289,1,0,0,1,d,c,9360.0,7.0,2013.0,1,22.0,2012.0,"Mar,Jun,Sept,Dec",False,False,False
347,1,2013-06-03,6118,436,1,1,0,0,d,c,9360.0,7.0,2013.0,1,22.0,2012.0,"Mar,Jun,Sept,Dec",False,False,False
347,4,2015-06-04,0,0,0,1,a,1,d,c,9360.0,7.0,2013.0,1,22.0,2012.0,"Mar,Jun,Sept,Dec",False,False,False
348,1,2013-01-21,9237,724,1,1,0,0,a,a,16490.0,8.0,2010.0,1,22.0,2012.0,"Jan,Apr,Jul,Oct",False,True,False
348,7,2014-05-04,0,0,0,0,0,0,a,a,16490.0,8.0,2010.0,1,22.0,2012.0,"Jan,Apr,Jul,Oct",False,True,False
348,3,2015-02-11,7647,673,1,0,0,0,a,a,16490.0,8.0,2010.0,1,22.0,2012.0,"Jan,Apr,Jul,Oct",False,True,False
349,6,2014-01-18,7238,722,1,0,0,0,c,c,1490.0,4.0,2009.0,0,,,,False,False,False
349,2,2014-12-23,11768,1183,1,0,0,1,c,c,1490.0,4.0,2009.0,0,,,,False,False,False
350,6,2015-05-23,6848,601,1,0,0,0,d,a,8880.0,8.0,2010.0,1,14.0,2011.0,"Jan,Apr,Jul,Oct",False,True,False
353,3,2013-01-16,3225,1025,1,0,0,0,b,b,900.0,8.0,2010.0,1,14.0,2013.0,"Feb,May,Aug,Nov",False,True,False
353,2,2015-07-07,5745,1745,1,0,0,0,b,b,900.0,8.0,2010.0,1,14.0,2013.0,"Feb,May,Aug,Nov",False,True,False
355,2,2013-03-05,10742,1282,1,1,0,0,a,c,9720.0,8.0,2013.0,0,,,,False,False,False
355,3,2014-03-26,7441,1013,1,0,0,0,a,c,9720.0,8.0,2013.0,0,,,,False,False,False
355,2,2015-04-28,10803,1244,1,1,0,0,a,c,9720.0,8.0,2013.0,0,,,,False,False,False
356,6,2015-05-23,7136,535,1,0,0,0,d,c,8970.0,12.0,2007.0,1,22.0,2012.0,"Feb,May,Aug,Nov",False,False,False
357,6,2013-12-14,7234,925,1,0,0,0,a,a,2060.0,10.0,2008.0,0,,,,False,False,False
358,4,2014-02-06,11017,1132,1,1,0,0,a,a,2890.0,10.0,2003.0,0,,,,False,False,False
359,5,2014-03-28,6398,584,1,0,0,0,d,c,4370.0,8.0,2010.0,0,,,,False,True,False
360,3,2014-06-11,6196,686,1,0,0,0,a,a,2040.0,6.0,2007.0,0,,,,False,False,False
361,4,2013-02-07,6361,689,1,1,0,1,c,c,4490.0,5.0,2014.0,1,5.0,2013.0,"Feb,May,Aug,Nov",False,False,False
361,7,2014-03-02,0,0,0,0,0,0,c,c,4490.0,5.0,2014.0,1,5.0,2013.0,"Feb,May,Aug,Nov",False,False,False
361,6,2014-10-25,5674,668,1,0,0,0,c,c,4490.0,5.0,2014.0,1,5.0,2013.0,"Feb,May,Aug,Nov",False,False,False
362,7,2013-04-28,0,0,0,0,0,0,c,c,340.0,8.0,2010.0,0,,,,False,True,False
362,3,2013-07-17,9460,1036,1,1,0,1,c,c,340.0,8.0,2010.0,0,,,,False,True,False
362,3,2014-03-12,6812,930,1,0,0,0,c,c,340.0,8.0,2010.0,0,,,,False,True,False
362,4,2014-04-17,10936,1396,1,1,0,1,c,c,340.0,8.0,2010.0,0,,,,False,True,False
362,5,2015-07-24,7635,1080,1,0,0,0,c,c,340.0,8.0,2010.0,0,,,,False,True,False
364,7,2013-05-19,0,0,0,0,0,0,a,c,13620.0,8.0,2010.0,1,10.0,2014.0,"Mar,Jun,Sept,Dec",False,True,False
364,2,2013-11-12,4070,556,1,0,0,0,a,c,13620.0,8.0,2010.0,1,10.0,2014.0,"Mar,Jun,Sept,Dec",False,True,False
364,6,2015-07-25,3273,411,1,0,0,0,a,c,13620.0,8.0,2010.0,1,10.0,2014.0,"Mar,Jun,Sept,Dec",False,True,False
365,3,2013-03-20,5137,578,1,1,0,0,c,a,2410.0,8.0,2010.0,1,45.0,2009.0,"Feb,May,Aug,Nov",False,True,False
365,6,2013-05-18,5446,627,1,0,0,0,c,a,2410.0,8.0,2010.0,1,45.0,2009.0,"Feb,May,Aug,Nov",False,True,False
367,7,2014-12-21,0,0,0,0,0,0,d,c,2640.0,9.0,2012.0,0,,,,False,False,False
367,3,2015-07-15,6759,596,1,1,0,0,d,c,2640.0,9.0,2012.0,0,,,,False,False,False
369,7,2014-08-31,0,0,0,0,0,1,d,c,5870.0,4.0,2014.0,0,,,,False,False,False
370,1,2013-12-02,11244,796,1,1,0,0,d,a,8250.0,10.0,2000.0,1,31.0,2009.0,"Jan,Apr,Jul,Oct",False,False,False
371,4,2015-07-09,5957,473,1,0,0,0,d,c,1970.0,7.0,2009.0,1,45.0,2014.0,"Feb,May,Aug,Nov",False,False,False
372,3,2013-06-12,5961,610,1,0,0,0,d,c,4880.0,8.0,2010.0,1,18.0,2014.0,"Jan,Apr,Jul,Oct",False,False,False
372,4,2013-10-17,5935,615,1,0,0,0,d,c,4880.0,8.0,2010.0,1,18.0,2014.0,"Jan,Apr,Jul,Oct",False,False,False
372,2,2014-11-11,9019,729,1,1,0,0,d,c,4880.0,8.0,2010.0,1,18.0,2014.0,"Jan,Apr,Jul,Oct",False,False,False
372,3,2015-07-29,10047,733,1,1,0,1,d,c,4880.0,8.0,2010.0,1,18.0,2014.0,"Jan,Apr,Jul,Oct",False,False,False
373,4,2015-03-05,3960,275,1,1,0,0,d,c,11120.0,8.0,2010.0,1,22.0,2012.0,"Jan,Apr,Jul,Oct",False,True,False
374,3,2014-04-23,5763,759,1,0,0,1,a,a,1150.0,9.0,2007.0,0,,,,False,False,False
375,2,2013-06-11,7630,765,1,0,0,0,a,c,15710.0,2.0,2013.0,1,37.0,2009.0,"Jan,Apr,Jul,Oct",False,False,False
375,1,2014-01-13,7106,673,1,0,0,0,a,c,15710.0,2.0,2013.0,1,37.0,2009.0,"Jan,Apr,Jul,Oct",False,False,False
375,1,2014-08-25,6966,676,1,0,0,1,a,c,15710.0,2.0,2013.0,1,37.0,2009.0,"Jan,Apr,Jul,Oct",False,False,False
376,4,2013-02-07,9210,1070,1,1,0,1,a,a,160.0,8.0,2012.0,0,,,,False,False,False
376,2,2013-03-12,6528,855,1,0,0,0,a,a,160.0,8.0,2012.0,0,,,,False,False,False
376,7,2013-09-08,0,0,0,0,0,0,a,a,160.0,8.0,2012.0,0,,,,False,False,False
376,7,2015-01-04,0,0,0,0,0,0,a,a,160.0,8.0,2012.0,0,,,,False,False,False
378,6,2013-03-30,7211,1063,1,0,0,0,a,c,2140.0,8.0,2012.0,0,,,,False,False,False
378,7,2013-05-19,0,0,0,0,0,0,a,c,2140.0,8.0,2012.0,0,,,,False,False,False
378,3,2013-10-09,4686,739,1,1,0,0,a,c,2140.0,8.0,2012.0,0,,,,False,False,False
378,5,2014-02-21,6088,885,1,1,0,0,a,c,2140.0,8.0,2012.0,0,,,,False,False,False
378,2,2014-03-04,8899,1279,1,1,0,0,a,c,2140.0,8.0,2012.0,0,,,,False,False,False
378,4,2014-06-05,7000,1037,1,1,0,0,a,c,2140.0,8.0,2012.0,0,,,,False,False,False
379,5,2014-06-13,3392,441,1,0,0,0,d,a,6630.0,8.0,2010.0,0,,,,False,True,False
379,6,2014-11-15,3466,370,1,0,0,0,d,a,6630.0,8.0,2010.0,0,,,,False,True,False
379,6,2015-01-03,2999,346,1,0,0,0,d,a,6630.0,8.0,2010.0,0,,,,False,True,False
380,3,2013-05-01,0,0,0,1,a,0,a,a,2240.0,5.0,2013.0,1,10.0,2014.0,"Mar,Jun,Sept,Dec",False,False,False
380,2,2013-06-25,10489,1145,1,0,0,0,a,a,2240.0,5.0,2013.0,1,10.0,2014.0,"Mar,Jun,Sept,Dec",False,False,False
380,4,2013-08-01,15092,1533,1,1,0,1,a,a,2240.0,5.0,2013.0,1,10.0,2014.0,"Mar,Jun,Sept,Dec",False,False,False
380,5,2013-09-13,15228,1499,1,1,0,0,a,a,2240.0,5.0,2013.0,1,10.0,2014.0,"Mar,Jun,Sept,Dec",False,False,False
380,1,2014-03-17,18699,1600,1,1,0,0,a,a,2240.0,5.0,2013.0,1,10.0,2014.0,"Mar,Jun,Sept,Dec",False,False,False
382,2,2015-07-28,8884,667,1,1,0,1,c,c,26130.0,11.0,2002.0,0,,,,False,False,False
383,2,2014-10-14,13337,1911,1,0,0,0,a,c,350.0,8.0,2010.0,0,,,,False,True,False
384,4,2013-05-09,0,0,0,0,a,0,a,c,130.0,8.0,2010.0,1,14.0,2011.0,"Jan,Apr,Jul,Oct",False,True,False
385,7,2013-10-13,0,0,0,0,0,0,d,a,4580.0,9.0,2007.0,0,,,,False,False,False
385,6,2013-11-30,8784,801,1,0,0,0,d,a,4580.0,9.0,2007.0,0,,,,False,False,False
386,4,2013-06-27,6197,543,1,0,0,0,d,c,1460.0,4.0,2014.0,1,31.0,2013.0,"Jan,Apr,Jul,Oct",False,False,False
386,4,2014-02-20,9085,689,1,1,0,0,d,c,1460.0,4.0,2014.0,1,31.0,2013.0,"Jan,Apr,Jul,Oct",False,False,False
387,5,2013-01-04,10280,1480,1,0,0,1,c,a,210.0,8.0,2010.0,1,36.0,2013.0,"Mar,Jun,Sept,Dec",False,True,False
387,7,2013-07-21,0,0,0,0,0,0,c,a,210.0,8.0,2010.0,1,36.0,2013.0,"Mar,Jun,Sept,Dec",False,True,False
387,4,2013-08-29,8533,1168,1,1,0,1,c,a,210.0,8.0,2010.0,1,36.0,2013.0,"Mar,Jun,Sept,Dec",False,True,False
387,3,2014-01-22,10456,1219,1,1,0,0,c,a,210.0,8.0,2010.0,1,36.0,2013.0,"Mar,Jun,Sept,Dec",False,True,False
387,7,2014-03-16,0,0,0,0,0,0,c,a,210.0,8.0,2010.0,1,36.0,2013.0,"Mar,Jun,Sept,Dec",False,True,False
389,6,2015-04-11,8071,1026,1,0,0,0,a,c,6690.0,8.0,2011.0,0,,,,False,False,False
390,6,2013-09-07,8826,914,1,0,0,0,a,c,1600.0,4.0,2009.0,0,,,,False,False,False
390,3,2013-10-30,9871,979,1,0,0,0,a,c,1600.0,4.0,2009.0,0,,,,False,False,False
390,7,2013-12-22,0,0,0,0,0,0,a,c,1600.0,4.0,2009.0,0,,,,False,False,False
390,6,2014-02-08,9645,984,1,0,0,0,a,c,1600.0,4.0,2009.0,0,,,,False,False,False
391,6,2013-02-02,3527,438,1,0,0,0,a,a,460.0,11.0,2014.0,1,31.0,2013.0,"Feb,May,Aug,Nov",False,False,False
391,6,2013-05-18,3011,387,1,0,0,0,a,a,460.0,11.0,2014.0,1,31.0,2013.0,"Feb,May,Aug,Nov",False,False,False
391,4,2013-12-19,8091,920,1,1,0,0,a,a,460.0,11.0,2014.0,1,31.0,2013.0,"Feb,May,Aug,Nov",False,False,False
391,3,2014-12-03,6725,692,1,1,0,0,a,a,460.0,11.0,2014.0,1,31.0,2013.0,"Feb,May,Aug,Nov",False,False,False
392,5,2013-06-21,8037,786,1,1,0,0,a,a,2120.0,8.0,2010.0,0,,,,False,True,False
392,6,2015-02-28,5109,493,1,0,0,0,a,a,2120.0,8.0,2010.0,0,,,,False,True,False
393,4,2015-06-11,4253,464,1,0,0,0,d,c,4820.0,3.0,2008.0,0,,,,False,False,False
394,5,2014-06-13,8444,700,1,0,0,0,d,a,10850.0,8.0,2010.0,0,,,,False,True,False
394,7,2015-01-11,0,0,0,0,0,0,d,a,10850.0,8.0,2010.0,0,,,,False,True,False
395,6,2013-11-23,2395,347,1,0,0,0,a,a,3620.0,2.0,2013.0,0,,,,False,False,False
395,5,2014-04-11,3767,503,1,0,0,0,a,a,3620.0,2.0,2013.0,0,,,,False,False,False
395,7,2015-06-21,0,0,0,0,0,0,a,a,3620.0,2.0,2013.0,0,,,,False,False,False
398,7,2013-08-18,0,0,0,0,0,0,c,c,1540.0,8.0,2010.0,1,1.0,2012.0,"Jan,Apr,Jul,Oct",False,True,False
398,2,2014-10-07,6191,631,1,1,0,0,c,c,1540.0,8.0,2010.0,1,1.0,2012.0,"Jan,Apr,Jul,Oct",False,True,False
398,4,2015-07-09,4241,540,1,0,0,0,c,c,1540.0,8.0,2010.0,1,1.0,2012.0,"Jan,Apr,Jul,Oct",False,True,False
399,6,2013-05-04,5173,507,1,0,0,0,a,a,5360.0,9.0,2012.0,1,40.0,2011.0,"Jan,Apr,Jul,Oct",False,False,False
399,7,2013-08-04,0,0,0,0,0,0,a,a,5360.0,9.0,2012.0,1,40.0,2011.0,"Jan,Apr,Jul,Oct",False,False,False
399,6,2015-03-14,5891,570,1,0,0,0,a,a,5360.0,9.0,2012.0,1,40.0,2011.0,"Jan,Apr,Jul,Oct",False,False,False
400,4,2013-08-01,9343,1312,1,1,0,1,a,a,70.0,11.0,2004.0,1,14.0,2011.0,"Jan,Apr,Jul,Oct",False,False,False
400,5,2014-03-07,9125,1253,1,1,0,0,a,a,70.0,11.0,2004.0,1,14.0,2011.0,"Jan,Apr,Jul,Oct",False,False,False
400,5,2015-05-15,9981,1407,1,0,0,1,a,a,70.0,11.0,2004.0,1,14.0,2011.0,"Jan,Apr,Jul,Oct",False,False,False
401,1,2013-09-23,9492,826,1,1,0,0,a,c,9200.0,10.0,2009.0,1,14.0,2012.0,"Jan,Apr,Jul,Oct",False,False,False
401,6,2013-12-14,5595,457,1,0,0,0,a,c,9200.0,10.0,2009.0,1,14.0,2012.0,"Jan,Apr,Jul,Oct",False,False,False
401,3,2014-10-01,8441,813,1,1,0,0,a,c,9200.0,10.0,2009.0,1,14.0,2012.0,"Jan,Apr,Jul,Oct",False,False,False
402,5,2013-09-13,6363,673,1,1,0,0,c,c,5830.0,9.0,2011.0,1,13.0,2010.0,"Jan,Apr,Jul,Oct",False,False,False
402,1,2014-04-07,3844,477,1,0,0,0,c,c,5830.0,9.0,2011.0,1,13.0,2010.0,"Jan,Apr,Jul,Oct",False,False,False
402,3,2014-10-15,4361,505,1,0,0,0,c,c,5830.0,9.0,2011.0,1,13.0,2010.0,"Jan,Apr,Jul,Oct",False,False,False
403,6,2013-12-21,7635,758,1,0,0,0,a,a,4970.0,7.0,2015.0,0,,,,False,False,False
403,2,2014-10-07,7479,710,1,1,0,1,a,a,4970.0,7.0,2015.0,0,,,,False,False,False
403,3,2015-03-11,5968,660,1,0,0,0,a,a,4970.0,7.0,2015.0,0,,,,False,False,False
404,4,2015-03-12,4070,609,1,0,0,0,a,c,1420.0,8.0,2010.0,1,10.0,2013.0,"Mar,Jun,Sept,Dec",False,True,False
404,5,2015-06-05,6732,674,1,1,0,1,a,c,1420.0,8.0,2010.0,1,10.0,2013.0,"Mar,Jun,Sept,Dec",False,True,False
405,2,2015-03-17,5388,550,1,1,0,0,a,a,1080.0,4.0,2008.0,1,14.0,2011.0,"Jan,Apr,Jul,Oct",False,False,False
406,3,2015-01-14,6953,501,1,1,0,0,d,c,8240.0,3.0,2001.0,1,10.0,2013.0,"Feb,May,Aug,Nov",False,False,False
407,7,2014-05-18,0,0,0,0,0,0,a,a,5890.0,10.0,2003.0,1,14.0,2011.0,"Feb,May,Aug,Nov",False,False,False
407,4,2015-04-02,6375,463,1,1,0,1,a,a,5890.0,10.0,2003.0,1,14.0,2011.0,"Feb,May,Aug,Nov",False,False,False
408,2,2014-06-24,3706,397,1,0,0,0,c,a,1560.0,8.0,2010.0,1,45.0,2009.0,"Feb,May,Aug,Nov",False,True,False
408,2,2014-10-14,3610,404,1,0,0,0,c,a,1560.0,8.0,2010.0,1,45.0,2009.0,"Feb,May,Aug,Nov",False,True,False
408,7,2014-11-16,0,0,0,0,0,0,c,a,1560.0,8.0,2010.0,1,45.0,2009.0,"Feb,May,Aug,Nov",False,True,False
408,2,2015-06-16,5816,523,1,1,0,0,c,a,1560.0,8.0,2010.0,1,45.0,2009.0,"Feb,May,Aug,Nov",False,True,False
409,1,2013-08-12,8564,704,1,1,0,1,d,c,840.0,8.0,2010.0,1,1.0,2013.0,"Jan,Apr,Jul,Oct",False,True,False
410,2,2014-12-23,9118,1188,1,0,0,1,c,a,40.0,11.0,2011.0,1,22.0,2012.0,"Mar,Jun,Sept,Dec",False,False,False
411,2,2014-09-23,5490,501,1,0,0,0,d,c,8460.0,8.0,2010.0,0,,,,False,True,False
411,4,2014-12-25,0,0,0,0,c,1,d,c,8460.0,8.0,2010.0,0,,,,False,True,False
411,7,2014-12-28,0,0,0,0,0,1,d,c,8460.0,8.0,2010.0,0,,,,False,True,False
412,5,2013-07-26,7772,561,1,0,0,0,d,c,4460.0,8.0,2010.0,1,39.0,2010.0,"Jan,Apr,Jul,Oct",False,True,False
412,2,2013-11-26,6889,526,1,0,0,0,d,c,4460.0,8.0,2010.0,1,39.0,2010.0,"Jan,Apr,Jul,Oct",False,True,False
412,7,2014-06-15,0,0,0,0,0,0,d,c,4460.0,8.0,2010.0,1,39.0,2010.0,"Jan,Apr,Jul,Oct",False,True,False
412,4,2015-03-05,7531,518,1,1,0,0,d,c,4460.0,8.0,2010.0,1,39.0,2010.0,"Jan,Apr,Jul,Oct",False,True,False
414,1,2015-02-16,8568,588,1,1,0,0,d,c,6210.0,8.0,2010.0,1,1.0,2013.0,"Jan,Apr,Jul,Oct",False,True,False
415,3,2014-12-31,3977,345,1,0,0,1,d,c,6910.0,4.0,2005.0,0,,,,False,False,False
416,1,2013-07-08,9299,1240,1,0,0,1,a,c,4650.0,6.0,2014.0,0,,,,False,False,False
416,1,2013-07-22,8146,1129,1,0,0,1,a,c,4650.0,6.0,2014.0,0,,,,False,False,False
417,4,2013-08-15,8342,872,1,1,0,1,a,c,840.0,8.0,2010.0,1,10.0,2014.0,"Jan,Apr,Jul,Oct",False,True,False
417,6,2014-06-28,5482,599,1,0,0,0,a,c,840.0,8.0,2010.0,1,10.0,2014.0,"Jan,Apr,Jul,Oct",False,True,False
417,5,2015-04-24,4956,602,1,0,0,0,a,c,840.0,8.0,2010.0,1,10.0,2014.0,"Jan,Apr,Jul,Oct",False,True,False
418,2,2013-05-21,4228,519,1,0,0,1,a,a,1060.0,5.0,2009.0,1,27.0,2011.0,"Feb,May,Aug,Nov",False,False,False
418,3,2014-04-16,7145,732,1,1,0,1,a,a,1060.0,5.0,2009.0,1,27.0,2011.0,"Feb,May,Aug,Nov",False,False,False
419,6,2013-11-09,4173,736,1,0,0,0,c,a,1620.0,9.0,2009.0,0,,,,False,False,False
419,3,2014-10-08,6077,984,1,1,0,0,c,a,1620.0,9.0,2009.0,0,,,,False,False,False
420,7,2013-04-07,0,0,0,0,0,0,d,c,250.0,8.0,2010.0,1,27.0,2012.0,"Jan,Apr,Jul,Oct",False,True,False
420,1,2014-03-17,6052,503,1,1,0,0,d,c,250.0,8.0,2010.0,1,27.0,2012.0,"Jan,Apr,Jul,Oct",False,True,False
421,1,2013-03-11,7215,890,1,0,0,0,c,c,3530.0,6.0,2012.0,1,35.0,2012.0,"Mar,Jun,Sept,Dec",False,False,False
421,2,2014-08-19,10851,1070,1,1,0,1,c,c,3530.0,6.0,2012.0,1,35.0,2012.0,"Mar,Jun,Sept,Dec",False,False,False
423,5,2013-01-11,10202,1752,1,1,0,0,b,a,1270.0,5.0,2014.0,0,,,,False,False,False
423,2,2013-06-25,10514,2034,1,0,0,1,b,a,1270.0,5.0,2014.0,0,,,,False,False,False
424,4,2013-07-04,6332,724,1,1,0,0,d,c,1250.0,8.0,2010.0,1,40.0,2011.0,"Jan,Apr,Jul,Oct",False,True,False
424,5,2014-03-21,6228,752,1,1,0,0,d,c,1250.0,8.0,2010.0,1,40.0,2011.0,"Jan,Apr,Jul,Oct",False,True,False
425,6,2013-10-26,1693,253,1,0,0,0,d,c,1460.0,8.0,2010.0,0,,,,False,True,False
425,4,2014-10-09,3589,448,1,1,0,1,d,c,1460.0,8.0,2010.0,0,,,,False,True,False
425,3,2015-06-10,3206,448,1,0,0,0,d,c,1460.0,8.0,2010.0,0,,,,False,True,False
427,6,2013-04-06,5658,654,1,0,0,0,a,c,70.0,7.0,2005.0,1,13.0,2010.0,"Jan,Apr,Jul,Oct",False,False,False
427,4,2013-04-18,5967,642,1,0,0,0,a,c,70.0,7.0,2005.0,1,13.0,2010.0,"Jan,Apr,Jul,Oct",False,False,False
427,6,2013-08-31,5724,609,1,0,0,0,a,c,70.0,7.0,2005.0,1,13.0,2010.0,"Jan,Apr,Jul,Oct",False,False,False
427,7,2013-10-06,0,0,0,0,0,0,a,c,70.0,7.0,2005.0,1,13.0,2010.0,"Jan,Apr,Jul,Oct",False,False,False
428,7,2013-02-03,0,0,0,0,0,0,d,a,2960.0,12.0,2014.0,1,23.0,2015.0,"Mar,Jun,Sept,Dec",False,False,False
428,3,2013-10-23,6218,528,1,1,0,0,d,a,2960.0,12.0,2014.0,1,23.0,2015.0,"Mar,Jun,Sept,Dec",False,False,False
428,3,2014-04-09,5346,442,1,0,0,0,d,a,2960.0,12.0,2014.0,1,23.0,2015.0,"Mar,Jun,Sept,Dec",False,False,False
429,1,2015-01-19,3571,353,1,0,0,0,d,c,16350.0,7.0,2005.0,1,31.0,2013.0,"Jan,Apr,Jul,Oct",False,False,False
430,5,2015-05-22,9895,800,1,1,0,0,d,c,12870.0,10.0,2008.0,0,,,,False,False,False
430,3,2015-07-01,8922,655,1,1,0,0,d,c,12870.0,10.0,2008.0,0,,,,False,False,False
431,7,2013-01-06,0,0,0,0,0,0,d,c,4520.0,8.0,2010.0,0,,,,False,True,False
431,1,2013-08-12,11799,1187,1,1,0,1,d,c,4520.0,8.0,2010.0,0,,,,False,True,False
431,5,2013-08-23,6874,839,1,0,0,1,d,c,4520.0,8.0,2010.0,0,,,,False,True,False
431,5,2013-08-30,10722,1112,1,1,0,1,d,c,4520.0,8.0,2010.0,0,,,,False,True,False
431,6,2014-02-08,8752,962,1,0,0,0,d,c,4520.0,8.0,2010.0,0,,,,False,True,False
431,5,2014-07-04,9934,1022,1,1,0,0,d,c,4520.0,8.0,2010.0,0,,,,False,True,False
433,4,2013-01-24,5679,677,1,1,0,0,a,c,30030.0,11.0,2010.0,0,,,,False,False,False
435,6,2014-06-14,2052,228,1,0,0,0,a,a,910.0,8.0,2010.0,0,,,,False,True,False
435,3,2014-12-31,1891,240,1,0,0,1,a,a,910.0,8.0,2010.0,0,,,,False,True,False
436,5,2015-06-12,4687,527,1,0,0,0,d,a,2300.0,8.0,2010.0,0,,,,False,True,False
438,7,2013-11-17,0,0,0,0,0,0,d,c,1110.0,8.0,2010.0,1,40.0,2012.0,"Jan,Apr,Jul,Oct",False,True,False
438,7,2014-10-05,0,0,0,0,0,0,d,c,1110.0,8.0,2010.0,1,40.0,2012.0,"Jan,Apr,Jul,Oct",False,True,False
438,3,2015-04-29,7230,659,1,1,0,0,d,c,1110.0,8.0,2010.0,1,40.0,2012.0,"Jan,Apr,Jul,Oct",False,True,False
439,4,2013-09-26,6430,810,1,1,0,0,a,a,1350.0,9.0,2009.0,0,,,,False,False,False
439,1,2013-11-04,10647,1139,1,1,0,0,a,a,1350.0,9.0,2009.0,0,,,,False,False,False
439,6,2014-04-05,5639,760,1,0,0,0,a,a,1350.0,9.0,2009.0,0,,,,False,False,False
440,3,2013-08-21,3888,496,1,0,0,1,d,a,3900.0,4.0,2005.0,1,45.0,2009.0,"Feb,May,Aug,Nov",False,False,False
440,1,2015-04-13,6848,710,1,1,0,0,d,a,3900.0,4.0,2005.0,1,45.0,2009.0,"Feb,May,Aug,Nov",False,False,False
440,4,2015-07-02,5649,649,1,1,0,0,d,a,3900.0,4.0,2005.0,1,45.0,2009.0,"Feb,May,Aug,Nov",False,False,False
441,4,2014-06-12,5080,636,1,0,0,0,d,a,2530.0,8.0,2010.0,0,,,,False,True,False
442,4,2015-06-11,2971,362,1,0,0,0,c,a,500.0,8.0,2010.0,1,45.0,2009.0,"Feb,May,Aug,Nov",False,True,False
443,7,2014-08-31,0,0,0,0,0,0,d,a,11400.0,12.0,2005.0,0,,,,False,False,False
443,7,2015-03-08,0,0,0,0,0,0,d,a,11400.0,12.0,2005.0,0,,,,False,False,False
444,5,2014-07-04,9950,1149,1,1,0,0,c,a,1700.0,11.0,2009.0,0,,,,False,False,False
445,5,2013-01-11,8046,1238,1,1,0,0,a,a,240.0,8.0,2010.0,0,,,,False,True,False
445,5,2013-02-01,7173,1106,1,0,0,0,a,a,240.0,8.0,2010.0,0,,,,False,True,False
446,2,2014-05-06,6521,763,1,1,0,0,a,a,340.0,10.0,2000.0,1,31.0,2013.0,"Feb,May,Aug,Nov",False,False,False
446,3,2015-01-21,3820,584,1,0,0,0,a,a,340.0,10.0,2000.0,1,31.0,2013.0,"Feb,May,Aug,Nov",False,False,False
449,4,2013-07-11,10256,1490,1,0,0,1,a,c,120.0,12.0,2014.0,1,37.0,2009.0,"Jan,Apr,Jul,Oct",False,False,False
449,5,2015-03-27,8955,1258,1,0,0,0,a,c,120.0,12.0,2014.0,1,37.0,2009.0,"Jan,Apr,Jul,Oct",False,False,False
450,7,2013-01-27,0,0,0,0,0,0,c,a,5780.0,11.0,1994.0,1,10.0,2014.0,"Mar,Jun,Sept,Dec",False,False,False
450,7,2013-09-15,0,0,0,0,0,0,c,a,5780.0,11.0,1994.0,1,10.0,2014.0,"Mar,Jun,Sept,Dec",False,False,False
450,3,2015-03-04,9229,971,1,1,0,0,c,a,5780.0,11.0,1994.0,1,10.0,2014.0,"Mar,Jun,Sept,Dec",False,False,False
451,5,2013-05-17,5726,502,1,1,0,0,a,a,2460.0,4.0,2009.0,1,13.0,2010.0,"Jan,Apr,Jul,Oct",False,False,False
451,5,2013-07-05,5392,481,1,1,0,0,a,a,2460.0,4.0,2009.0,1,13.0,2010.0,"Jan,Apr,Jul,Oct",False,False,False
451,5,2014-12-05,6798,533,1,1,0,0,a,a,2460.0,4.0,2009.0,1,13.0,2010.0,"Jan,Apr,Jul,Oct",False,False,False
451,4,2015-04-02,7236,599,1,1,0,1,a,a,2460.0,4.0,2009.0,1,13.0,2010.0,"Jan,Apr,Jul,Oct",False,False,False
452,4,2013-12-12,4937,475,1,0,0,0,a,c,1850.0,8.0,2013.0,1,5.0,2011.0,"Feb,May,Aug,Nov",False,False,False
452,5,2014-03-07,5347,539,1,1,0,0,a,c,1850.0,8.0,2013.0,1,5.0,2011.0,"Feb,May,Aug,Nov",False,False,False
452,5,2014-08-22,7050,619,1,1,0,1,a,c,1850.0,8.0,2013.0,1,5.0,2011.0,"Feb,May,Aug,Nov",False,False,False
452,3,2014-11-26,5815,500,1,1,0,0,a,c,1850.0,8.0,2013.0,1,5.0,2011.0,"Feb,May,Aug,Nov",False,False,False
453,4,2013-07-18,11732,1353,1,1,0,1,a,c,75860.0,8.0,2010.0,0,,,,False,True,False
453,5,2013-12-27,9910,1086,1,0,0,1,a,c,75860.0,8.0,2010.0,0,,,,False,True,False
453,7,2015-04-26,2077,287,1,0,0,0,a,c,75860.0,8.0,2010.0,0,,,,False,True,False
454,3,2013-06-19,6724,821,1,1,0,0,a,a,26450.0,8.0,2010.0,0,,,,False,True,False
455,2,2013-06-04,6795,464,1,1,0,0,d,c,7660.0,9.0,2010.0,0,,,,False,False,False
455,2,2013-12-24,6503,413,1,0,0,1,d,c,7660.0,9.0,2010.0,0,,,,False,False,False
455,6,2014-03-01,9879,592,1,0,0,0,d,c,7660.0,9.0,2010.0,0,,,,False,False,False
455,7,2014-10-19,0,0,0,0,0,0,d,c,7660.0,9.0,2010.0,0,,,,False,False,False
456,4,2013-10-17,4265,702,1,0,0,0,a,c,140.0,8.0,2010.0,0,,,,False,True,False
456,2,2013-11-12,5261,802,1,0,0,0,a,c,140.0,8.0,2010.0,0,,,,False,True,False
456,2,2014-06-10,6610,1012,1,0,0,1,a,c,140.0,8.0,2010.0,0,,,,False,True,False
456,4,2014-10-23,6036,903,1,1,0,0,a,c,140.0,8.0,2010.0,0,,,,False,True,False
456,2,2015-07-28,6750,941,1,1,0,1,a,c,140.0,8.0,2010.0,0,,,,False,True,False
457,3,2013-12-18,7651,571,1,1,0,0,d,c,13140.0,8.0,2010.0,1,31.0,2013.0,"Jan,Apr,Jul,Oct",False,True,False
458,6,2013-06-08,8698,866,1,0,0,0,c,a,3390.0,8.0,2010.0,0,,,,False,True,False
458,1,2014-07-14,9219,812,1,1,0,0,c,a,3390.0,8.0,2010.0,0,,,,False,True,False
459,7,2013-07-28,0,0,0,0,0,0,a,a,250.0,9.0,2008.0,1,5.0,2013.0,"Feb,May,Aug,Nov",False,False,False
459,5,2013-11-08,10194,1225,1,1,0,0,a,a,250.0,9.0,2008.0,1,5.0,2013.0,"Feb,May,Aug,Nov",False,False,False
461,1,2014-09-29,5588,519,1,1,0,0,d,c,1790.0,7.0,2013.0,1,40.0,2013.0,"Jan,Apr,Jul,Oct",False,False,False
461,6,2015-07-25,4837,480,1,0,0,0,d,c,1790.0,7.0,2013.0,1,40.0,2013.0,"Jan,Apr,Jul,Oct",False,False,False
462,7,2014-05-25,0,0,0,0,0,0,a,a,44320.0,8.0,2008.0,0,,,,False,False,False
463,3,2013-03-13,4708,869,1,0,0,0,a,a,4160.0,8.0,2010.0,0,,,,False,True,False
463,7,2014-08-17,0,0,0,0,0,0,a,a,4160.0,8.0,2010.0,0,,,,False,True,False
463,7,2014-11-16,0,0,0,0,0,0,a,a,4160.0,8.0,2010.0,0,,,,False,True,False
465,3,2014-05-07,9188,681,1,1,0,0,d,c,10890.0,4.0,2005.0,0,,,,False,False,False
466,2,2013-10-15,5961,651,1,0,0,0,a,c,3110.0,3.0,2003.0,0,,,,False,False,False
466,2,2015-03-31,11191,849,1,1,0,1,a,c,3110.0,3.0,2003.0,0,,,,False,False,False
468,7,2014-10-19,0,0,0,0,0,0,c,c,5260.0,9.0,2012.0,0,,,,False,False,False
469,3,2013-03-20,13034,1630,1,1,0,0,c,c,710.0,9.0,2005.0,0,,,,False,False,False
469,6,2013-03-23,14808,1997,1,0,0,0,c,c,710.0,9.0,2005.0,0,,,,False,False,False
469,2,2015-04-14,14125,1592,1,1,0,0,c,c,710.0,9.0,2005.0,0,,,,False,False,False
471,4,2014-01-02,6483,571,1,0,0,1,d,a,5300.0,8.0,2010.0,1,45.0,2009.0,"Feb,May,Aug,Nov",False,True,False
471,6,2014-01-04,6807,630,1,0,0,0,d,a,5300.0,8.0,2010.0,1,45.0,2009.0,"Feb,May,Aug,Nov",False,True,False
472,4,2015-01-29,5611,668,1,1,0,0,c,c,5030.0,8.0,2011.0,0,,,,False,False,False
473,4,2013-11-07,4358,600,1,1,0,0,a,a,50.0,8.0,2010.0,0,,,,False,True,False
473,7,2014-03-16,0,0,0,0,0,0,a,a,50.0,8.0,2010.0,0,,,,False,True,False
474,2,2013-08-13,9680,910,1,1,0,1,c,a,14810.0,8.0,2010.0,1,14.0,2011.0,"Mar,Jun,Sept,Dec",False,True,False
475,5,2013-03-15,5155,861,1,0,0,0,a,a,140.0,9.0,2005.0,0,,,,False,False,False
475,4,2013-08-22,4684,828,1,0,0,1,a,a,140.0,9.0,2005.0,0,,,,False,False,False
475,4,2013-12-26,0,0,0,0,c,1,a,a,140.0,9.0,2005.0,0,,,,False,False,False
475,6,2014-05-10,6571,1073,1,0,0,0,a,a,140.0,9.0,2005.0,0,,,,False,False,False
475,3,2014-05-28,6125,929,1,0,0,0,a,a,140.0,9.0,2005.0,0,,,,False,False,False
475,7,2015-01-04,0,0,0,0,0,0,a,a,140.0,9.0,2005.0,0,,,,False,False,False
475,7,2015-04-26,0,0,0,0,0,0,a,a,140.0,9.0,2005.0,0,,,,False,False,False
476,5,2013-11-22,6799,753,1,1,0,0,d,a,8300.0,9.0,2006.0,0,,,,False,False,False
476,7,2014-12-14,0,0,0,0,0,0,d,a,8300.0,9.0,2006.0,0,,,,False,False,False
478,6,2013-06-15,4602,493,1,0,0,0,d,c,1940.0,3.0,2012.0,0,,,,False,False,False
478,7,2013-12-22,0,0,0,0,0,0,d,c,1940.0,3.0,2012.0,0,,,,False,False,False
478,5,2014-07-11,6639,711,1,0,0,1,d,c,1940.0,3.0,2012.0,0,,,,False,False,False
479,6,2015-03-14,6589,721,1,0,0,0,a,a,320.0,12.0,2005.0,1,9.0,2011.0,"Feb,May,Aug,Nov",False,False,False
480,5,2013-03-01,4676,641,1,0,0,0,a,a,300.0,11.0,2012.0,0,,,,False,False,False
480,6,2013-08-17,2329,320,1,0,0,0,a,a,300.0,11.0,2012.0,0,,,,False,False,False
480,2,2014-07-15,5489,665,1,1,0,1,a,a,300.0,11.0,2012.0,0,,,,False,False,False
482,4,2014-03-27,5638,653,1,0,0,0,c,a,2550.0,10.0,2005.0,0,,,,False,False,False
483,3,2014-12-10,4727,641,1,0,0,0,a,c,2310.0,9.0,2011.0,1,13.0,2010.0,"Jan,Apr,Jul,Oct",False,False,False
484,1,2013-05-13,8144,764,1,1,0,0,a,c,14300.0,3.0,2011.0,0,,,,False,False,False
484,3,2014-01-29,5790,576,1,0,0,0,a,c,14300.0,3.0,2011.0,0,,,,False,False,False
484,4,2015-02-05,6288,654,1,1,0,0,a,c,14300.0,3.0,2011.0,0,,,,False,False,False
484,6,2015-02-14,8891,889,1,0,0,0,a,c,14300.0,3.0,2011.0,0,,,,False,False,False
485,5,2013-08-23,4082,389,1,0,0,1,d,c,3270.0,8.0,2010.0,1,22.0,2012.0,"Jan,Apr,Jul,Oct",False,True,False
485,5,2014-02-07,5309,458,1,1,0,0,d,c,3270.0,8.0,2010.0,1,22.0,2012.0,"Jan,Apr,Jul,Oct",False,True,False
485,5,2014-04-18,0,0,0,1,b,1,d,c,3270.0,8.0,2010.0,1,22.0,2012.0,"Jan,Apr,Jul,Oct",False,True,False
485,7,2015-02-08,0,0,0,0,0,0,d,c,3270.0,8.0,2010.0,1,22.0,2012.0,"Jan,Apr,Jul,Oct",False,True,False
486,1,2014-06-09,0,0,0,0,a,0,a,a,2320.0,8.0,2010.0,1,31.0,2013.0,"Jan,Apr,Jul,Oct",False,True,False
487,4,2014-09-18,6992,641,1,1,0,0,d,c,2180.0,9.0,2012.0,1,40.0,2012.0,"Jan,Apr,Jul,Oct",False,False,False
488,1,2013-01-14,2884,324,1,0,0,0,a,c,2890.0,4.0,2014.0,0,,,,False,False,False
488,4,2014-05-08,3251,349,1,1,0,0,a,c,2890.0,4.0,2014.0,0,,,,False,False,False
488,5,2014-08-22,4218,422,1,1,0,1,a,c,2890.0,4.0,2014.0,0,,,,False,False,False
488,1,2015-02-16,5626,505,1,1,0,0,a,c,2890.0,4.0,2014.0,0,,,,False,False,False
490,2,2013-10-15,7571,1003,1,0,0,0,a,a,660.0,4.0,2013.0,1,40.0,2014.0,"Jan,Apr,Jul,Oct",False,False,False
490,6,2014-02-22,9749,1237,1,0,0,0,a,a,660.0,4.0,2013.0,1,40.0,2014.0,"Jan,Apr,Jul,Oct",False,False,False
490,2,2014-05-20,8723,1096,1,1,0,0,a,a,660.0,4.0,2013.0,1,40.0,2014.0,"Jan,Apr,Jul,Oct",False,False,False
490,1,2015-04-06,0,0,0,0,b,1,a,a,660.0,4.0,2013.0,1,40.0,2014.0,"Jan,Apr,Jul,Oct",False,False,False
491,7,2013-06-16,0,0,0,0,0,0,d,c,4680.0,8.0,2010.0,1,22.0,2012.0,"Mar,Jun,Sept,Dec",False,True,False
491,7,2013-10-13,0,0,0,0,0,0,d,c,4680.0,8.0,2010.0,1,22.0,2012.0,"Mar,Jun,Sept,Dec",False,True,False
491,6,2015-02-21,6732,553,1,0,0,0,d,c,4680.0,8.0,2010.0,1,22.0,2012.0,"Mar,Jun,Sept,Dec",False,True,False
493,6,2013-12-07,7787,812,1,0,0,0,d,c,1150.0,8.0,2010.0,1,14.0,2011.0,"Jan,Apr,Jul,Oct",False,True,False
494,7,2013-11-24,7960,1182,1,0,0,0,b,a,1260.0,6.0,2011.0,0,,,,False,False,False
494,4,2014-05-22,7401,1115,1,1,0,0,b,a,1260.0,6.0,2011.0,0,,,,False,False,False
496,2,2013-12-10,6527,723,1,0,0,0,d,c,2780.0,6.0,2015.0,0,,,,False,False,False
496,1,2014-06-30,13682,1268,1,1,0,0,d,c,2780.0,6.0,2015.0,0,,,,False,False,False
496,5,2015-07-24,5366,647,1,0,0,1,d,c,2780.0,6.0,2015.0,0,,,,False,False,False
497,6,2014-11-08,7193,930,1,0,0,0,a,c,1610.0,8.0,2010.0,0,,,,False,True,False
497,5,2014-11-14,10178,1251,1,1,0,0,a,c,1610.0,8.0,2010.0,0,,,,False,True,False
497,1,2015-01-19,7929,1035,1,0,0,0,a,c,1610.0,8.0,2010.0,0,,,,False,True,False
498,3,2013-07-03,6806,877,1,1,0,0,a,a,990.0,8.0,2010.0,1,40.0,2014.0,"Jan,Apr,Jul,Oct",False,True,False
498,3,2015-03-04,7043,857,1,1,0,0,a,a,990.0,8.0,2010.0,1,40.0,2014.0,"Jan,Apr,Jul,Oct",False,True,False
499,6,2013-01-26,4534,689,1,0,0,0,c,c,450.0,8.0,2010.0,1,5.0,2013.0,"Feb,May,Aug,Nov",False,True,False
499,1,2014-06-30,7046,852,1,1,0,0,c,c,450.0,8.0,2010.0,1,5.0,2013.0,"Feb,May,Aug,Nov",False,True,False
499,1,2014-08-18,6603,826,1,1,0,1,c,c,450.0,8.0,2010.0,1,5.0,2013.0,"Feb,May,Aug,Nov",False,True,False
499,1,2015-06-29,7602,877,1,1,0,0,c,c,450.0,8.0,2010.0,1,5.0,2013.0,"Feb,May,Aug,Nov",False,True,False
501,3,2013-03-27,8456,889,1,1,0,1,a,c,1620.0,9.0,2006.0,0,,,,False,False,False
501,3,2014-02-26,4776,637,1,0,0,0,a,c,1620.0,9.0,2006.0,0,,,,False,False,False
504,2,2013-07-02,7960,1084,1,1,0,1,c,c,820.0,8.0,2010.0,0,,,,False,True,False
504,5,2013-07-12,5932,854,1,0,0,1,c,c,820.0,8.0,2010.0,0,,,,False,True,False
505,1,2014-09-01,6924,689,1,1,0,1,a,a,350.0,8.0,2010.0,1,5.0,2013.0,"Feb,May,Aug,Nov",False,True,False
506,5,2014-05-16,5832,732,1,0,0,0,a,a,1850.0,12.0,2014.0,1,18.0,2011.0,"Feb,May,Aug,Nov",False,False,False
506,3,2014-08-13,6341,826,1,0,0,1,a,a,1850.0,12.0,2014.0,1,18.0,2011.0,"Feb,May,Aug,Nov",False,False,False
506,6,2015-03-14,5012,574,1,0,0,0,a,a,1850.0,12.0,2014.0,1,18.0,2011.0,"Feb,May,Aug,Nov",False,False,False
507,1,2014-01-06,13654,851,1,1,0,1,a,c,9070.0,4.0,2011.0,1,37.0,2009.0,"Jan,Apr,Jul,Oct",False,False,False
508,3,2013-06-19,5512,501,1,1,0,0,a,c,1280.0,8.0,2010.0,1,40.0,2011.0,"Jan,Apr,Jul,Oct",False,True,False
508,7,2015-06-14,0,0,0,0,0,0,a,c,1280.0,8.0,2010.0,1,40.0,2011.0,"Jan,Apr,Jul,Oct",False,True,False
509,2,2013-05-21,5599,566,1,0,0,0,a,a,4740.0,7.0,2008.0,1,37.0,2009.0,"Jan,Apr,Jul,Oct",False,False,False
509,4,2014-09-04,5825,486,1,1,0,1,a,a,4740.0,7.0,2008.0,1,37.0,2009.0,"Jan,Apr,Jul,Oct",False,False,False
510,6,2014-08-30,5578,559,1,0,0,0,a,c,8260.0,8.0,2010.0,0,,,,False,True,False
511,1,2013-07-29,6181,836,1,1,0,1,a,a,2060.0,9.0,2009.0,0,,,,False,False,False
511,1,2014-01-20,7009,895,1,1,0,0,a,a,2060.0,9.0,2009.0,0,,,,False,False,False
511,4,2015-01-08,4287,672,1,1,0,0,a,a,2060.0,9.0,2009.0,0,,,,False,False,False
511,2,2015-03-03,6182,826,1,1,0,0,a,a,2060.0,9.0,2009.0,0,,,,False,False,False
512,6,2013-12-14,4912,1084,1,0,0,0,b,b,590.0,8.0,2010.0,1,5.0,2013.0,"Mar,Jun,Sept,Dec",False,True,False
512,1,2014-05-26,4922,1284,1,0,0,0,b,b,590.0,8.0,2010.0,1,5.0,2013.0,"Mar,Jun,Sept,Dec",False,True,False
513,3,2014-10-29,14564,1761,1,0,0,1,a,a,400.0,8.0,2013.0,0,,,,False,False,False
514,7,2015-03-08,0,0,0,0,0,0,c,c,1200.0,7.0,2012.0,1,27.0,2012.0,"Jan,Apr,Jul,Oct",False,False,False
515,1,2013-01-28,5896,540,1,0,0,0,d,c,11260.0,8.0,2010.0,1,9.0,2011.0,"Feb,May,Aug,Nov",False,True,False
515,5,2013-04-05,8342,672,1,0,0,1,d,c,11260.0,8.0,2010.0,1,9.0,2011.0,"Feb,May,Aug,Nov",False,True,False
517,7,2013-10-06,0,0,0,0,0,0,a,c,22490.0,8.0,2010.0,0,,,,False,True,False
517,7,2014-12-07,0,0,0,0,0,0,a,c,22490.0,8.0,2010.0,0,,,,False,True,False
518,5,2013-03-01,5281,497,1,0,0,0,d,c,3330.0,3.0,2015.0,1,13.0,2010.0,"Jan,Apr,Jul,Oct",False,False,False
518,2,2013-05-14,5509,469,1,1,0,0,d,c,3330.0,3.0,2015.0,1,13.0,2010.0,"Jan,Apr,Jul,Oct",False,False,False
518,2,2013-08-06,3751,347,1,0,0,1,d,c,3330.0,3.0,2015.0,1,13.0,2010.0,"Jan,Apr,Jul,Oct",False,False,False
519,5,2013-04-12,5812,644,1,1,0,0,c,c,2510.0,8.0,2009.0,1,1.0,2012.0,"Jan,Apr,Jul,Oct",False,False,False
519,4,2013-04-25,5041,506,1,1,0,0,c,c,2510.0,8.0,2009.0,1,1.0,2012.0,"Jan,Apr,Jul,Oct",False,False,False
519,5,2013-05-10,5818,716,1,0,0,1,c,c,2510.0,8.0,2009.0,1,1.0,2012.0,"Jan,Apr,Jul,Oct",False,False,False
521,1,2014-03-24,3942,376,1,0,0,0,d,a,18610.0,11.0,2002.0,1,48.0,2011.0,"Mar,Jun,Sept,Dec",False,False,False
523,7,2013-01-13,0,0,0,0,0,0,c,c,50.0,11.0,2013.0,0,,,,False,False,False
523,6,2014-10-11,15949,1815,1,0,0,0,c,c,50.0,11.0,2013.0,0,,,,False,False,False
523,2,2015-06-23,12280,1493,1,0,0,0,c,c,50.0,11.0,2013.0,0,,,,False,False,False
524,6,2015-03-21,6202,694,1,0,0,0,a,c,40860.0,9.0,2013.0,0,,,,False,False,False
524,7,2015-05-10,1748,182,1,0,0,0,a,c,40860.0,9.0,2013.0,0,,,,False,False,False
525,3,2013-11-06,9279,807,1,1,0,0,d,c,1870.0,9.0,2013.0,0,,,,False,False,False
525,2,2014-04-22,8242,774,1,0,0,1,d,c,1870.0,9.0,2013.0,0,,,,False,False,False
525,7,2014-05-25,0,0,0,0,0,0,d,c,1870.0,9.0,2013.0,0,,,,False,False,False
525,5,2015-04-17,11971,935,1,1,0,0,d,c,1870.0,9.0,2013.0,0,,,,False,False,False
526,6,2013-09-14,7467,1150,1,0,0,0,a,a,120.0,8.0,2010.0,1,48.0,2011.0,"Mar,Jun,Sept,Dec",False,True,False
527,1,2013-06-10,8861,920,1,0,0,0,d,c,5830.0,4.0,2008.0,0,,,,False,False,False
527,1,2013-09-23,11097,1046,1,1,0,0,d,c,5830.0,4.0,2008.0,0,,,,False,False,False
527,1,2014-12-01,15952,1232,1,1,0,0,d,c,5830.0,4.0,2008.0,0,,,,False,False,False
528,3,2013-03-06,11498,988,1,1,0,0,a,c,20620.0,8.0,2010.0,1,37.0,2009.0,"Jan,Apr,Jul,Oct",False,True,False
528,2,2013-12-10,9893,959,1,0,0,0,a,c,20620.0,8.0,2010.0,1,37.0,2009.0,"Jan,Apr,Jul,Oct",False,True,False
529,2,2013-08-27,8169,777,1,1,0,0,d,c,12920.0,9.0,2012.0,0,,,,False,False,False
529,2,2014-03-04,7713,759,1,1,0,0,d,c,12920.0,9.0,2012.0,0,,,,False,False,False
530,1,2013-09-30,5873,957,1,0,0,0,a,c,18160.0,8.0,2010.0,0,,,,False,True,False
530,1,2013-11-25,3268,427,1,0,0,0,a,c,18160.0,8.0,2010.0,0,,,,False,True,False
531,5,2013-06-07,4733,588,1,1,0,0,a,c,4030.0,8.0,2010.0,0,,,,False,True,False
531,3,2013-07-03,3978,501,1,1,0,1,a,c,4030.0,8.0,2010.0,0,,,,False,True,False
532,4,2015-05-14,0,0,0,0,a,0,a,c,1070.0,8.0,2010.0,0,,,,False,False,False
533,6,2014-05-17,6721,616,1,0,0,0,a,c,5950.0,8.0,2010.0,0,,,,False,True,False
533,3,2014-07-23,8008,889,1,0,0,0,a,c,5950.0,8.0,2010.0,0,,,,False,True,False
533,3,2015-02-11,8808,950,1,0,0,0,a,c,5950.0,8.0,2010.0,0,,,,False,True,False
534,7,2013-08-25,0,0,0,0,0,0,d,a,1200.0,9.0,2009.0,1,45.0,2009.0,"Jan,Apr,Jul,Oct",False,False,False
535,4,2014-10-30,7748,989,1,0,0,0,a,a,3570.0,4.0,2007.0,0,,,,False,False,False
535,3,2015-01-28,8112,884,1,1,0,0,a,a,3570.0,4.0,2007.0,0,,,,False,False,False
537,2,2014-07-01,6207,684,1,1,0,0,a,a,600.0,5.0,2002.0,1,1.0,2012.0,"Jan,Apr,Jul,Oct",False,False,False
537,1,2014-07-21,4916,606,1,0,0,0,a,a,600.0,5.0,2002.0,1,1.0,2012.0,"Jan,Apr,Jul,Oct",False,False,False
538,3,2013-04-17,3311,562,1,0,0,0,a,a,990.0,2.0,2010.0,0,,,,False,False,False
538,2,2015-04-14,4565,642,1,1,0,1,a,a,990.0,2.0,2010.0,0,,,,False,False,False
539,1,2013-03-25,12914,1190,1,1,0,1,a,a,770.0,5.0,2013.0,1,40.0,2014.0,"Jan,Apr,Jul,Oct",False,False,False
540,5,2013-07-19,4564,348,1,1,0,0,d,c,810.0,8.0,2010.0,1,48.0,2012.0,"Jan,Apr,Jul,Oct",False,True,False
540,1,2014-04-21,0,0,0,0,b,1,d,c,810.0,8.0,2010.0,1,48.0,2012.0,"Jan,Apr,Jul,Oct",False,True,False
541,6,2013-04-06,6207,903,1,0,0,0,a,c,650.0,7.0,1990.0,0,,,,False,False,False
543,2,2013-05-28,3973,334,1,1,0,0,c,a,1080.0,12.0,2012.0,0,,,,False,False,False
544,2,2015-02-17,15077,1872,1,1,0,1,a,a,250.0,12.0,2001.0,1,13.0,2010.0,"Jan,Apr,Jul,Oct",False,False,False
544,1,2015-06-08,12117,1638,1,0,0,0,a,a,250.0,12.0,2001.0,1,13.0,2010.0,"Jan,Apr,Jul,Oct",False,False,False
544,3,2015-07-15,16718,1926,1,1,0,1,a,a,250.0,12.0,2001.0,1,13.0,2010.0,"Jan,Apr,Jul,Oct",False,False,False
545,1,2014-03-10,8144,957,1,0,0,0,a,c,5020.0,5.0,2006.0,1,18.0,2014.0,"Feb,May,Aug,Nov",False,False,False
545,3,2014-09-10,8874,909,1,0,0,0,a,c,5020.0,5.0,2006.0,1,18.0,2014.0,"Feb,May,Aug,Nov",False,False,False
546,4,2013-10-17,11369,1489,1,0,0,0,a,a,580.0,1.0,2005.0,0,,,,False,False,False
547,7,2014-02-23,0,0,0,0,0,0,d,c,8990.0,11.0,2009.0,1,35.0,2010.0,"Mar,Jun,Sept,Dec",False,False,False
548,6,2013-01-05,2958,292,1,0,0,1,d,c,3760.0,2.0,2009.0,0,,,,False,False,False
548,5,2014-10-24,4991,432,1,1,0,1,d,c,3760.0,2.0,2009.0,0,,,,False,False,False
550,7,2013-06-16,0,0,0,0,0,0,d,c,50.0,6.0,2015.0,0,,,,False,False,False
550,3,2014-03-05,6471,501,1,1,0,0,d,c,50.0,6.0,2015.0,0,,,,False,False,False
550,5,2014-07-11,4920,452,1,0,0,0,d,c,50.0,6.0,2015.0,0,,,,False,False,False
550,7,2014-09-21,0,0,0,0,0,0,d,c,50.0,6.0,2015.0,0,,,,False,False,False
550,3,2015-01-07,5764,471,1,1,0,1,d,c,50.0,6.0,2015.0,0,,,,False,False,False
551,6,2013-09-14,4667,810,1,0,0,0,a,c,2190.0,9.0,2013.0,0,,,,False,False,False
551,2,2014-10-07,7525,1128,1,1,0,0,a,c,2190.0,9.0,2013.0,0,,,,False,False,False
552,5,2013-01-18,5769,581,1,0,0,0,a,a,4260.0,7.0,2008.0,1,37.0,2009.0,"Jan,Apr,Jul,Oct",False,False,False
552,3,2013-02-13,6084,690,1,0,0,0,a,a,4260.0,7.0,2008.0,1,37.0,2009.0,"Jan,Apr,Jul,Oct",False,False,False
552,2,2013-06-25,5857,640,1,0,0,0,a,a,4260.0,7.0,2008.0,1,37.0,2009.0,"Jan,Apr,Jul,Oct",False,False,False
552,6,2013-08-10,4043,437,1,0,0,1,a,a,4260.0,7.0,2008.0,1,37.0,2009.0,"Jan,Apr,Jul,Oct",False,False,False
552,7,2014-02-09,0,0,0,0,0,0,a,a,4260.0,7.0,2008.0,1,37.0,2009.0,"Jan,Apr,Jul,Oct",False,False,False
552,1,2014-05-12,5852,658,1,0,0,0,a,a,4260.0,7.0,2008.0,1,37.0,2009.0,"Jan,Apr,Jul,Oct",False,False,False
552,7,2014-11-23,0,0,0,0,0,0,a,a,4260.0,7.0,2008.0,1,37.0,2009.0,"Jan,Apr,Jul,Oct",False,False,False
553,6,2014-08-23,8419,823,1,0,0,0,c,a,3040.0,9.0,2002.0,1,13.0,2010.0,"Jan,Apr,Jul,Oct",False,False,False
554,6,2014-04-26,3958,471,1,0,0,0,c,c,1200.0,8.0,2010.0,0,,,,False,True,False
554,2,2014-12-09,4897,662,1,0,0,0,c,c,1200.0,8.0,2010.0,0,,,,False,True,False
554,4,2015-04-23,4282,583,1,0,0,0,c,c,1200.0,8.0,2010.0,0,,,,False,True,False
555,1,2013-12-02,9587,750,1,1,0,0,d,a,1560.0,1.0,2014.0,1,10.0,2013.0,"Mar,Jun,Sept,Dec",False,False,False
555,2,2015-03-31,7487,530,1,1,0,1,d,a,1560.0,1.0,2014.0,1,10.0,2013.0,"Mar,Jun,Sept,Dec",False,False,False
555,5,2015-05-08,5472,439,1,1,0,0,d,a,1560.0,1.0,2014.0,1,10.0,2013.0,"Mar,Jun,Sept,Dec",False,False,False
556,3,2013-06-05,7028,800,1,1,0,0,d,c,1140.0,11.0,2014.0,0,,,,False,False,False
556,1,2014-07-21,6727,842,1,0,0,1,d,c,1140.0,11.0,2014.0,0,,,,False,False,False
556,1,2015-07-27,9681,998,1,1,0,1,d,c,1140.0,11.0,2014.0,0,,,,False,False,False
559,2,2013-05-07,5630,826,1,0,0,0,d,a,3910.0,11.0,2006.0,1,5.0,2013.0,"Feb,May,Aug,Nov",False,False,False
560,7,2013-12-01,0,0,0,0,0,0,c,c,1910.0,7.0,2013.0,0,,,,False,False,False
560,1,2014-02-17,18229,1878,1,1,0,0,c,c,1910.0,7.0,2013.0,0,,,,False,False,False
561,7,2013-06-30,0,0,0,0,0,0,d,a,14300.0,8.0,2010.0,0,,,,False,True,False
561,3,2013-09-18,4909,600,1,0,0,0,d,a,14300.0,8.0,2010.0,0,,,,False,True,False
561,2,2013-10-29,5599,608,1,0,0,1,d,a,14300.0,8.0,2010.0,0,,,,False,True,False
561,3,2015-05-27,6000,616,1,0,0,0,d,a,14300.0,8.0,2010.0,0,,,,False,True,False
562,2,2013-03-05,19239,3190,1,1,0,0,b,c,1210.0,8.0,2010.0,0,,,,False,True,False
562,7,2014-04-06,18876,3166,1,0,0,1,b,c,1210.0,8.0,2010.0,0,,,,False,True,False
562,4,2014-09-04,17304,2975,1,1,0,1,b,c,1210.0,8.0,2010.0,0,,,,False,True,False
562,2,2015-03-03,20272,3263,1,1,0,0,b,c,1210.0,8.0,2010.0,0,,,,False,True,False
562,2,2015-05-05,18898,3119,1,1,0,0,b,c,1210.0,8.0,2010.0,0,,,,False,True,False
563,1,2014-11-10,6915,769,1,1,0,0,a,a,700.0,3.0,2015.0,1,10.0,2014.0,"Jan,Apr,Jul,Oct",False,False,False
564,5,2015-04-17,6515,553,1,1,0,0,d,c,6540.0,8.0,2010.0,1,14.0,2013.0,"Jan,Apr,Jul,Oct",False,True,False
564,4,2015-07-09,6124,517,1,0,0,1,d,c,6540.0,8.0,2010.0,1,14.0,2013.0,"Jan,Apr,Jul,Oct",False,True,False
565,2,2014-04-01,8017,877,1,1,0,0,a,c,160.0,7.0,2007.0,0,,,,False,False,False
566,4,2013-05-09,0,0,0,0,a,1,a,a,3620.0,8.0,2010.0,1,40.0,2013.0,"Jan,Apr,Jul,Oct",False,True,False
566,1,2013-11-25,4333,533,1,0,0,0,a,a,3620.0,8.0,2010.0,1,40.0,2013.0,"Jan,Apr,Jul,Oct",False,True,False
567,5,2013-11-01,0,0,0,0,a,1,c,a,1010.0,9.0,2012.0,1,18.0,2011.0,"Feb,May,Aug,Nov",False,False,False
567,2,2014-02-04,7383,854,1,1,0,0,c,a,1010.0,9.0,2012.0,1,18.0,2011.0,"Feb,May,Aug,Nov",False,False,False
568,2,2013-04-02,3715,346,1,0,0,1,d,c,4270.0,8.0,2010.0,1,1.0,2013.0,"Jan,Apr,Jul,Oct",False,True,False
568,6,2014-01-18,5594,489,1,0,0,0,d,c,4270.0,8.0,2010.0,1,1.0,2013.0,"Jan,Apr,Jul,Oct",False,True,False
569,4,2014-06-12,5010,740,1,0,0,0,a,a,1340.0,9.0,2006.0,0,,,,False,False,False
569,6,2014-12-27,3296,406,1,0,0,0,a,a,1340.0,9.0,2006.0,0,,,,False,False,False
569,1,2015-01-12,5983,746,1,1,0,0,a,a,1340.0,9.0,2006.0,0,,,,False,False,False
569,2,2015-04-07,5490,762,1,0,0,1,a,a,1340.0,9.0,2006.0,0,,,,False,False,False
570,5,2013-04-19,4051,643,1,0,0,0,a,a,180.0,11.0,2006.0,0,,,,False,False,False
570,3,2014-09-10,3096,544,1,0,0,0,a,a,180.0,11.0,2006.0,0,,,,False,False,False
570,2,2015-01-13,4862,700,1,1,0,0,a,a,180.0,11.0,2006.0,0,,,,False,False,False
571,3,2013-04-10,6547,492,1,1,0,0,d,a,2110.0,11.0,1995.0,1,40.0,2014.0,"Jan,Apr,Jul,Oct",False,False,False
571,2,2013-10-01,5635,439,1,0,0,0,d,a,2110.0,11.0,1995.0,1,40.0,2014.0,"Jan,Apr,Jul,Oct",False,False,False
571,5,2013-12-20,11927,839,1,1,0,0,d,a,2110.0,11.0,1995.0,1,40.0,2014.0,"Jan,Apr,Jul,Oct",False,False,False
573,4,2013-03-14,2426,264,1,0,0,0,a,a,1190.0,11.0,2012.0,1,36.0,2013.0,"Jan,Apr,Jul,Oct",False,False,False
574,2,2015-07-28,11684,752,1,1,0,0,d,a,4400.0,8.0,2010.0,0,,,,False,True,False
575,5,2014-05-23,6101,560,1,1,0,0,a,a,960.0,5.0,2008.0,1,13.0,2010.0,"Jan,Apr,Jul,Oct",False,False,False
576,6,2014-08-23,5423,897,1,0,0,0,c,a,50.0,11.0,2006.0,0,,,,False,False,False
578,4,2014-02-06,7386,652,1,1,0,0,d,a,12700.0,4.0,2013.0,0,,,,False,False,False
578,1,2014-05-12,6972,705,1,0,0,0,d,a,12700.0,4.0,2013.0,0,,,,False,False,False
578,1,2015-03-16,9981,847,1,1,0,0,d,a,12700.0,4.0,2013.0,0,,,,False,False,False
579,1,2015-02-02,11680,1112,1,1,0,0,c,a,20970.0,11.0,2012.0,0,,,,False,False,False
579,6,2015-03-14,7976,874,1,0,0,0,c,a,20970.0,11.0,2012.0,0,,,,False,False,False
581,2,2014-11-04,8240,810,1,1,0,0,a,a,7250.0,12.0,2013.0,0,,,,False,False,False
582,1,2013-02-04,9770,1042,1,1,0,0,a,a,120.0,8.0,2010.0,0,,,,False,True,False
582,7,2014-01-12,0,0,0,0,0,0,a,a,120.0,8.0,2010.0,0,,,,False,True,False
582,3,2015-07-22,5215,738,1,0,0,0,a,a,120.0,8.0,2010.0,0,,,,False,True,False
583,4,2013-02-28,4043,469,1,0,0,0,a,a,2640.0,11.0,2002.0,0,,,,False,False,False
583,2,2014-12-02,6177,549,1,1,0,0,a,a,2640.0,11.0,2002.0,0,,,,False,False,False
584,3,2013-01-23,4617,413,1,1,0,0,d,a,1360.0,8.0,2010.0,1,35.0,2010.0,"Mar,Jun,Sept,Dec",False,True,False
584,7,2013-02-24,0,0,0,0,0,0,d,a,1360.0,8.0,2010.0,1,35.0,2010.0,"Mar,Jun,Sept,Dec",False,True,False
584,1,2014-04-07,3629,368,1,0,0,0,d,a,1360.0,8.0,2010.0,1,35.0,2010.0,"Mar,Jun,Sept,Dec",False,True,False
585,2,2014-08-12,3900,644,1,0,0,1,d,c,440.0,4.0,2014.0,0,,,,False,False,False
586,6,2013-06-08,15248,2702,1,0,0,0,a,c,250.0,10.0,2008.0,0,,,,False,False,False
586,6,2014-09-06,15534,2845,1,0,0,0,a,c,250.0,10.0,2008.0,0,,,,False,False,False
587,3,2014-03-26,7529,529,1,0,0,0,d,c,330.0,9.0,2006.0,1,14.0,2011.0,"Jan,Apr,Jul,Oct",False,False,False
588,3,2013-09-04,5221,653,1,0,0,0,d,c,15720.0,3.0,2010.0,0,,,,False,False,False
588,4,2013-12-26,0,0,0,0,c,1,d,c,15720.0,3.0,2010.0,0,,,,False,False,False
588,1,2014-01-20,6624,696,1,1,0,0,d,c,15720.0,3.0,2010.0,0,,,,False,False,False
588,4,2015-04-23,5035,618,1,0,0,0,d,c,15720.0,3.0,2010.0,0,,,,False,False,False
590,1,2014-12-29,4491,365,1,0,0,1,d,c,4520.0,9.0,2010.0,1,31.0,2013.0,"Jan,Apr,Jul,Oct",False,False,False
590,7,2015-03-01,0,0,0,0,0,0,d,c,4520.0,9.0,2010.0,1,31.0,2013.0,"Jan,Apr,Jul,Oct",False,False,False
591,6,2013-01-12,3817,335,1,0,0,0,a,c,3340.0,8.0,2010.0,1,22.0,2012.0,"Mar,Jun,Sept,Dec",False,True,False
591,7,2013-06-30,0,0,0,0,0,0,a,c,3340.0,8.0,2010.0,1,22.0,2012.0,"Mar,Jun,Sept,Dec",False,True,False
591,6,2014-03-08,3717,338,1,0,0,0,a,c,3340.0,8.0,2010.0,1,22.0,2012.0,"Mar,Jun,Sept,Dec",False,True,False
591,5,2015-06-05,8091,645,1,1,0,1,a,c,3340.0,8.0,2010.0,1,22.0,2012.0,"Mar,Jun,Sept,Dec",False,True,False
592,2,2013-03-26,5548,710,1,1,0,1,a,a,2540.0,6.0,2005.0,0,,,,False,False,False
592,4,2013-07-04,6387,825,1,1,0,0,a,a,2540.0,6.0,2005.0,0,,,,False,False,False
592,3,2014-01-01,0,0,0,0,a,1,a,a,2540.0,6.0,2005.0,0,,,,False,False,False
592,1,2014-06-02,6817,754,1,1,0,0,a,a,2540.0,6.0,2005.0,0,,,,False,False,False
592,4,2015-02-12,3379,499,1,0,0,0,a,a,2540.0,6.0,2005.0,0,,,,False,False,False
593,5,2013-12-27,10898,1368,1,0,0,1,a,c,33060.0,3.0,2010.0,0,,,,False,False,False
593,3,2015-03-25,6582,902,1,0,0,0,a,c,33060.0,3.0,2010.0,0,,,,False,False,False
594,4,2013-01-10,3751,416,1,1,0,0,a,a,1790.0,10.0,2011.0,0,,,,False,False,False
595,4,2013-12-05,22157,2315,1,1,0,0,c,c,1130.0,6.0,2015.0,0,,,,False,False,False
595,5,2014-06-06,14643,1728,1,1,0,0,c,c,1130.0,6.0,2015.0,0,,,,False,False,False
595,5,2015-01-09,13783,1585,1,1,0,0,c,c,1130.0,6.0,2015.0,0,,,,False,False,False
596,5,2013-10-18,4130,707,1,0,0,0,c,a,290.0,9.0,2006.0,0,,,,False,False,False
596,4,2014-05-01,0,0,0,1,a,0,c,a,290.0,9.0,2006.0,0,,,,False,False,False
596,1,2014-12-08,4640,741,1,0,0,0,c,a,290.0,9.0,2006.0,0,,,,False,False,False
596,7,2014-12-21,0,0,0,0,0,0,c,a,290.0,9.0,2006.0,0,,,,False,False,False
597,6,2013-06-01,4670,681,1,0,0,0,a,a,150.0,9.0,2008.0,1,1.0,2012.0,"Mar,Jun,Sept,Dec",False,False,False
597,6,2014-12-27,3667,547,1,0,0,0,a,a,150.0,9.0,2008.0,1,1.0,2012.0,"Mar,Jun,Sept,Dec",False,False,False
597,3,2015-07-08,5098,697,1,0,0,0,a,a,150.0,9.0,2008.0,1,1.0,2012.0,"Mar,Jun,Sept,Dec",False,False,False
599,2,2013-04-16,7392,773,1,0,0,0,d,c,580.0,11.0,2014.0,0,,,,False,False,False
599,2,2013-09-24,8432,737,1,1,0,0,d,c,580.0,11.0,2014.0,0,,,,False,False,False
599,7,2014-08-17,0,0,0,0,0,0,d,c,580.0,11.0,2014.0,0,,,,False,False,False
599,6,2014-10-18,12703,1080,1,0,0,0,d,c,580.0,11.0,2014.0,0,,,,False,False,False
599,4,2015-07-09,8310,759,1,0,0,0,d,c,580.0,11.0,2014.0,0,,,,False,False,False
600,6,2013-11-09,7085,661,1,0,0,0,d,c,17340.0,6.0,2010.0,1,9.0,2011.0,"Feb,May,Aug,Nov",False,False,False
600,2,2014-05-13,4397,446,1,0,0,0,d,c,17340.0,6.0,2010.0,1,9.0,2011.0,"Feb,May,Aug,Nov",False,False,False
601,2,2013-07-23,3360,323,1,0,0,1,d,a,8220.0,4.0,2014.0,1,14.0,2011.0,"Jan,Apr,Jul,Oct",False,False,False
601,6,2013-10-26,4307,421,1,0,0,0,d,a,8220.0,4.0,2014.0,1,14.0,2011.0,"Jan,Apr,Jul,Oct",False,False,False
602,7,2013-03-24,0,0,0,0,0,0,a,a,2710.0,7.0,2001.0,1,22.0,2012.0,"Mar,Jun,Sept,Dec",False,False,False
603,6,2013-09-21,5039,738,1,0,0,0,a,a,340.0,4.0,2007.0,1,13.0,2010.0,"Jan,Apr,Jul,Oct",False,False,False
603,2,2014-05-06,9176,1197,1,1,0,0,a,a,340.0,4.0,2007.0,1,13.0,2010.0,"Jan,Apr,Jul,Oct",False,False,False
604,7,2013-01-06,0,0,0,0,a,0,d,a,10950.0,3.0,2014.0,0,,,,False,False,False
604,3,2013-04-03,7041,540,1,0,0,1,d,a,10950.0,3.0,2014.0,0,,,,False,False,False
604,1,2014-01-27,6323,522,1,0,0,0,d,a,10950.0,3.0,2014.0,0,,,,False,False,False
604,3,2015-02-04,8000,573,1,1,0,0,d,a,10950.0,3.0,2014.0,0,,,,False,False,False
604,3,2015-03-25,5347,432,1,0,0,0,d,a,10950.0,3.0,2014.0,0,,,,False,False,False
606,7,2015-04-05,0,0,0,0,0,0,a,a,2260.0,11.0,2007.0,0,,,,False,False,False
608,1,2013-05-27,12155,1125,1,1,0,0,a,c,18370.0,2.0,2013.0,1,14.0,2011.0,"Jan,Apr,Jul,Oct",False,False,False
608,7,2013-06-02,0,0,0,0,0,0,a,c,18370.0,2.0,2013.0,1,14.0,2011.0,"Jan,Apr,Jul,Oct",False,False,False
608,2,2013-11-26,8932,1020,1,0,0,0,a,c,18370.0,2.0,2013.0,1,14.0,2011.0,"Jan,Apr,Jul,Oct",False,False,False
608,7,2014-12-07,0,0,0,0,0,0,a,c,18370.0,2.0,2013.0,1,14.0,2011.0,"Jan,Apr,Jul,Oct",False,False,False
609,3,2013-10-02,4929,550,1,0,0,1,a,a,2070.0,9.0,2007.0,0,,,,False,False,False
609,6,2014-11-15,2614,275,1,0,0,0,a,a,2070.0,9.0,2007.0,0,,,,False,False,False
609,7,2015-05-03,0,0,0,0,0,0,a,a,2070.0,9.0,2007.0,0,,,,False,False,False
610,4,2015-04-30,5327,687,1,1,0,0,a,a,660.0,1.0,2007.0,0,,,,False,False,False
612,2,2015-03-10,4971,319,1,0,0,0,d,c,2490.0,11.0,2012.0,1,31.0,2009.0,"Jan,Apr,Jul,Oct",False,False,False
613,1,2014-07-21,6090,932,1,0,0,1,c,a,250.0,6.0,2007.0,1,14.0,2011.0,"Jan,Apr,Jul,Oct",False,False,False
614,4,2014-11-20,6665,839,1,0,0,0,a,a,1160.0,12.0,2012.0,0,,,,False,False,False
614,1,2015-03-09,6312,936,1,0,0,0,a,a,1160.0,12.0,2012.0,0,,,,False,False,False
615,6,2013-05-25,8956,1198,1,0,0,0,d,a,730.0,8.0,2007.0,0,,,,False,False,False
615,1,2015-05-25,0,0,0,0,a,0,d,a,730.0,8.0,2007.0,0,,,,False,False,False
615,3,2015-07-29,11177,1242,1,1,0,1,d,a,730.0,8.0,2007.0,0,,,,False,False,False
616,2,2013-04-30,12185,1139,1,1,0,0,a,c,3040.0,8.0,2011.0,1,35.0,2010.0,"Mar,Jun,Sept,Dec",False,False,False
616,4,2013-08-29,9053,839,1,1,0,1,a,c,3040.0,8.0,2011.0,1,35.0,2010.0,"Mar,Jun,Sept,Dec",False,False,False
616,3,2014-04-02,9674,893,1,1,0,0,a,c,3040.0,8.0,2011.0,1,35.0,2010.0,"Mar,Jun,Sept,Dec",False,False,False
616,1,2014-06-02,12678,1091,1,1,0,0,a,c,3040.0,8.0,2011.0,1,35.0,2010.0,"Mar,Jun,Sept,Dec",False,False,False
616,1,2015-04-27,10439,963,1,1,0,0,a,c,3040.0,8.0,2011.0,1,35.0,2010.0,"Mar,Jun,Sept,Dec",False,False,False
616,7,2015-05-24,0,0,0,0,0,0,a,c,3040.0,8.0,2011.0,1,35.0,2010.0,"Mar,Jun,Sept,Dec",False,False,False
620,3,2014-06-18,8352,775,1,1,0,1,d,c,5440.0,8.0,2010.0,1,40.0,2014.0,"Jan,Apr,Jul,Oct",False,True,False
620,6,2015-05-09,10193,888,1,0,0,0,d,c,5440.0,8.0,2010.0,1,40.0,2014.0,"Jan,Apr,Jul,Oct",False,True,False
621,6,2013-09-28,4370,632,1,0,0,0,a,a,30.0,7.0,2002.0,0,,,,False,False,False
622,2,2014-05-20,4233,408,1,1,0,0,a,c,2325.0,8.0,2010.0,0,,,,True,True,False
623,3,2013-08-07,6406,708,1,0,0,1,a,a,4080.0,3.0,2011.0,1,13.0,2010.0,"Jan,Apr,Jul,Oct",False,False,False
623,2,2015-05-12,6602,841,1,0,0,0,a,a,4080.0,3.0,2011.0,1,13.0,2010.0,"Jan,Apr,Jul,Oct",False,False,False
624,6,2013-02-23,4161,438,1,0,0,0,a,c,6920.0,9.0,2011.0,0,,,,False,False,False
624,1,2013-11-18,10367,900,1,1,0,0,a,c,6920.0,9.0,2011.0,0,,,,False,False,False
624,7,2014-12-21,0,0,0,0,0,0,a,c,6920.0,9.0,2011.0,0,,,,False,False,False
624,5,2015-04-24,5884,624,1,0,0,0,a,c,6920.0,9.0,2011.0,0,,,,False,False,False
626,4,2013-10-17,7788,737,1,0,0,0,c,c,10740.0,11.0,2013.0,0,,,,False,False,False
627,4,2014-08-21,5228,548,1,1,0,1,c,c,3970.0,3.0,2010.0,0,,,,False,False,False
627,1,2015-03-23,5471,589,1,0,0,0,c,c,3970.0,3.0,2010.0,0,,,,False,False,False
628,5,2013-02-15,4759,683,1,0,0,0,a,c,2180.0,8.0,2010.0,0,,,,False,True,False
628,6,2014-02-15,3489,475,1,0,0,0,a,c,2180.0,8.0,2010.0,0,,,,False,True,False
628,3,2015-06-24,4571,635,1,0,0,0,a,c,2180.0,8.0,2010.0,0,,,,False,True,False
629,3,2013-11-27,6271,594,1,0,0,0,d,a,510.0,7.0,2014.0,1,23.0,2015.0,"Mar,Jun,Sept,Dec",False,False,False
629,2,2015-06-16,7399,581,1,1,0,0,d,a,510.0,7.0,2014.0,1,23.0,2015.0,"Mar,Jun,Sept,Dec",False,False,False
630,6,2013-01-05,2564,298,1,0,0,0,a,a,1690.0,4.0,2015.0,0,,,,False,False,False
630,1,2013-03-25,11086,1113,1,1,0,1,a,a,1690.0,4.0,2015.0,0,,,,False,False,False
631,4,2013-01-10,5212,643,1,1,0,0,d,c,2870.0,8.0,2010.0,1,35.0,2012.0,"Mar,Jun,Sept,Dec",False,True,False
631,4,2013-02-14,4123,589,1,0,0,0,d,c,2870.0,8.0,2010.0,1,35.0,2012.0,"Mar,Jun,Sept,Dec",False,True,False
631,5,2013-09-13,5460,683,1,1,0,0,d,c,2870.0,8.0,2010.0,1,35.0,2012.0,"Mar,Jun,Sept,Dec",False,True,False
631,3,2014-04-02,5551,635,1,1,0,0,d,c,2870.0,8.0,2010.0,1,35.0,2012.0,"Mar,Jun,Sept,Dec",False,True,False
632,6,2013-05-18,7029,925,1,0,0,0,a,a,3350.0,2.0,2010.0,0,,,,False,False,False
632,7,2013-08-11,0,0,0,0,0,0,a,a,3350.0,2.0,2010.0,0,,,,False,False,False
634,4,2013-09-19,5164,575,1,0,0,0,d,a,18610.0,8.0,2010.0,0,,,,False,True,False
634,4,2014-05-15,5550,628,1,0,0,0,d,a,18610.0,8.0,2010.0,0,,,,False,True,False
634,5,2014-08-15,6053,684,1,0,0,1,d,a,18610.0,8.0,2010.0,0,,,,False,True,False
636,2,2014-01-28,3543,523,1,0,0,0,c,a,720.0,10.0,2004.0,1,13.0,2010.0,"Jan,Apr,Jul,Oct",False,False,False
637,2,2013-11-26,7194,633,1,0,0,0,d,c,9790.0,8.0,2010.0,1,31.0,2009.0,"Feb,May,Aug,Nov",False,True,False
638,6,2015-01-03,6457,519,1,0,0,0,d,a,10170.0,11.0,2001.0,0,,,,False,False,False
640,4,2013-05-09,0,0,0,0,a,0,d,c,8040.0,8.0,2010.0,0,,,,False,True,False
640,7,2015-06-21,0,0,0,0,0,0,d,c,8040.0,8.0,2010.0,0,,,,False,True,False
641,4,2013-09-05,5009,573,1,0,0,0,a,c,610.0,12.0,2003.0,1,36.0,2013.0,"Mar,Jun,Sept,Dec",False,False,False
641,1,2014-05-12,4593,529,1,0,0,0,a,c,610.0,12.0,2003.0,1,36.0,2013.0,"Mar,Jun,Sept,Dec",False,False,False
641,3,2014-07-09,3765,354,1,0,0,1,a,c,610.0,12.0,2003.0,1,36.0,2013.0,"Mar,Jun,Sept,Dec",False,False,False
642,2,2013-05-07,3583,500,1,0,0,0,c,c,530.0,4.0,2005.0,1,35.0,2010.0,"Mar,Jun,Sept,Dec",False,False,False
642,7,2014-08-17,0,0,0,0,0,0,c,c,530.0,4.0,2005.0,1,35.0,2010.0,"Mar,Jun,Sept,Dec",False,False,False
643,1,2015-01-12,8321,987,1,1,0,0,a,a,230.0,6.0,2010.0,1,18.0,2010.0,"Feb,May,Aug,Nov",False,False,False
643,2,2015-07-21,6756,922,1,0,0,1,a,a,230.0,6.0,2010.0,1,18.0,2010.0,"Feb,May,Aug,Nov",False,False,False
644,4,2015-07-02,8366,925,1,1,0,0,c,a,4030.0,12.0,2004.0,1,14.0,2011.0,"Jan,Apr,Jul,Oct",False,False,False
645,6,2013-12-28,8953,1269,1,0,0,0,a,a,90.0,8.0,2010.0,1,45.0,2009.0,"Feb,May,Aug,Nov",False,True,False
645,5,2014-07-04,8726,1122,1,1,0,0,a,a,90.0,8.0,2010.0,1,45.0,2009.0,"Feb,May,Aug,Nov",False,True,False
645,4,2014-07-31,17289,1742,1,1,0,1,a,a,90.0,8.0,2010.0,1,45.0,2009.0,"Feb,May,Aug,Nov",False,True,False
648,1,2014-09-01,10813,898,1,1,0,0,d,a,2130.0,12.0,2008.0,0,,,,False,False,False
649,6,2014-07-12,1511,176,1,0,0,0,a,a,14570.0,11.0,2002.0,0,,,,False,False,False
649,7,2014-12-21,0,0,0,0,0,0,a,a,14570.0,11.0,2002.0,0,,,,False,False,False
649,7,2015-01-04,0,0,0,0,0,0,a,a,14570.0,11.0,2002.0,0,,,,False,False,False
651,5,2013-10-11,7665,952,1,1,0,0,a,a,200.0,8.0,2010.0,0,,,,False,True,False
651,7,2014-08-17,0,0,0,0,0,0,a,a,200.0,8.0,2010.0,0,,,,False,True,False
651,6,2015-05-09,8010,935,1,0,0,0,a,a,200.0,8.0,2010.0,0,,,,False,True,False
653,4,2013-01-31,5902,510,1,0,0,0,d,c,7520.0,7.0,2014.0,1,45.0,2009.0,"Feb,May,Aug,Nov",False,False,False
653,6,2015-04-25,4677,392,1,0,0,0,d,c,7520.0,7.0,2014.0,1,45.0,2009.0,"Feb,May,Aug,Nov",False,False,False
654,6,2015-04-11,2808,286,1,0,0,0,c,a,6930.0,9.0,2006.0,0,,,,False,False,False
656,1,2013-02-11,2252,335,1,0,0,0,d,a,410.0,4.0,2009.0,1,13.0,2010.0,"Jan,Apr,Jul,Oct",False,False,False
656,3,2014-12-17,3692,373,1,1,0,0,d,a,410.0,4.0,2009.0,1,13.0,2010.0,"Jan,Apr,Jul,Oct",False,False,False
657,7,2013-02-03,0,0,0,0,0,0,c,c,80.0,1.0,2006.0,1,10.0,2014.0,"Jan,Apr,Jul,Oct",False,False,False
657,4,2013-03-28,9315,1088,1,1,0,1,c,c,80.0,1.0,2006.0,1,10.0,2014.0,"Jan,Apr,Jul,Oct",False,False,False
657,1,2014-03-31,15610,1453,1,1,0,0,c,c,80.0,1.0,2006.0,1,10.0,2014.0,"Jan,Apr,Jul,Oct",False,False,False
657,2,2015-04-21,5558,831,1,0,0,0,c,c,80.0,1.0,2006.0,1,10.0,2014.0,"Jan,Apr,Jul,Oct",False,False,False
658,3,2013-12-04,8093,725,1,1,0,0,d,c,520.0,8.0,2010.0,1,37.0,2009.0,"Jan,Apr,Jul,Oct",False,True,False
658,3,2015-06-10,5137,529,1,0,0,0,d,c,520.0,8.0,2010.0,1,37.0,2009.0,"Jan,Apr,Jul,Oct",False,True,False
658,4,2015-06-25,4466,501,1,0,0,0,d,c,520.0,8.0,2010.0,1,37.0,2009.0,"Jan,Apr,Jul,Oct",False,True,False
661,2,2014-06-24,5494,501,1,0,0,0,d,c,2140.0,7.0,2013.0,0,,,,False,False,False
662,5,2013-11-08,9943,912,1,1,0,0,d,a,1070.0,8.0,2010.0,0,,,,False,True,False
662,5,2015-06-19,10824,866,1,1,0,0,d,a,1070.0,8.0,2010.0,0,,,,False,True,False
663,1,2014-12-22,9319,1213,1,0,0,1,a,c,7860.0,5.0,2005.0,0,,,,False,False,False
665,7,2013-03-24,0,0,0,0,0,0,a,a,90.0,12.0,2012.0,1,14.0,2011.0,"Jan,Apr,Jul,Oct",False,False,False
665,4,2014-03-20,7803,1228,1,1,0,0,a,a,90.0,12.0,2012.0,1,14.0,2011.0,"Jan,Apr,Jul,Oct",False,False,False
666,7,2013-03-17,0,0,0,0,0,0,c,c,2700.0,8.0,2010.0,1,9.0,2011.0,"Mar,Jun,Sept,Dec",False,True,False
666,4,2013-06-20,6381,573,1,1,0,0,c,c,2700.0,8.0,2010.0,1,9.0,2011.0,"Mar,Jun,Sept,Dec",False,True,False
667,4,2015-06-04,8325,757,1,1,0,0,d,c,2870.0,9.0,2012.0,0,,,,False,False,False
668,2,2013-06-11,7388,986,1,0,0,0,c,a,1270.0,9.0,2010.0,0,,,,False,False,False
668,3,2013-12-18,13517,1549,1,1,0,0,c,a,1270.0,9.0,2010.0,0,,,,False,False,False
668,7,2014-06-08,0,0,0,0,0,0,c,a,1270.0,9.0,2010.0,0,,,,False,False,False
669,6,2013-12-14,5495,418,1,0,0,0,d,a,17080.0,7.0,2012.0,1,31.0,2013.0,"Jan,Apr,Jul,Oct",False,False,False
669,5,2014-05-23,5414,449,1,1,0,0,d,a,17080.0,7.0,2012.0,1,31.0,2013.0,"Jan,Apr,Jul,Oct",False,False,False
670,5,2013-09-06,5291,648,1,0,0,1,a,a,2060.0,8.0,2010.0,1,45.0,2009.0,"Feb,May,Aug,Nov",False,True,False
671,6,2013-12-28,5494,525,1,0,0,0,a,c,2070.0,2.0,2008.0,1,39.0,2010.0,"Jan,Apr,Jul,Oct",False,False,False
671,6,2015-02-07,6132,540,1,0,0,0,a,c,2070.0,2.0,2008.0,1,39.0,2010.0,"Jan,Apr,Jul,Oct",False,False,False
672,4,2014-03-13,6061,1005,1,0,0,0,c,a,240.0,9.0,2002.0,0,,,,False,False,False
672,1,2015-02-09,5595,1064,1,0,0,1,c,a,240.0,9.0,2002.0,0,,,,False,False,False
673,6,2013-03-30,9188,748,1,0,0,0,d,c,15170.0,8.0,2010.0,1,5.0,2013.0,"Feb,May,Aug,Nov",False,True,False
673,5,2013-08-30,7715,620,1,1,0,1,d,c,15170.0,8.0,2010.0,1,5.0,2013.0,"Feb,May,Aug,Nov",False,True,False
673,3,2014-05-07,8004,603,1,1,0,0,d,c,15170.0,8.0,2010.0,1,5.0,2013.0,"Feb,May,Aug,Nov",False,True,False
674,1,2013-11-25,6611,955,1,0,0,0,a,a,2640.0,12.0,2005.0,1,31.0,2013.0,"Feb,May,Aug,Nov",False,False,False
676,1,2013-05-20,11610,1970,1,0,a,0,b,b,1410.0,9.0,2008.0,0,,,,False,False,False
676,7,2013-10-06,10100,1779,1,0,0,0,b,b,1410.0,9.0,2008.0,0,,,,False,False,False
676,3,2013-11-13,6578,1666,1,0,0,0,b,b,1410.0,9.0,2008.0,0,,,,False,False,False
677,2,2013-06-25,5573,510,1,0,0,0,d,a,1740.0,6.0,2014.0,1,45.0,2009.0,"Feb,May,Aug,Nov",False,False,False
677,7,2014-03-02,0,0,0,0,0,0,d,a,1740.0,6.0,2014.0,1,45.0,2009.0,"Feb,May,Aug,Nov",False,False,False
678,4,2014-01-30,5234,688,1,0,0,0,c,a,3250.0,8.0,2010.0,1,40.0,2011.0,"Jan,Apr,Jul,Oct",False,True,False
678,3,2014-02-12,5174,732,1,0,0,0,c,a,3250.0,8.0,2010.0,1,40.0,2011.0,"Jan,Apr,Jul,Oct",False,True,False
679,2,2013-07-02,11139,1069,1,1,0,1,a,a,4140.0,9.0,2012.0,0,,,,False,False,False
679,5,2013-08-02,10028,1129,1,1,0,1,a,a,4140.0,9.0,2012.0,0,,,,False,False,False
681,3,2013-03-13,2304,390,1,0,0,0,a,c,620.0,8.0,2010.0,1,1.0,2014.0,"Mar,Jun,Sept,Dec",False,True,False
681,4,2013-11-07,3176,508,1,1,0,0,a,c,620.0,8.0,2010.0,1,1.0,2014.0,"Mar,Jun,Sept,Dec",False,True,False
682,2,2013-11-26,12171,1908,1,0,0,0,b,a,150.0,9.0,2006.0,0,,,,False,False,False
682,5,2014-10-17,11309,1839,1,0,0,0,b,a,150.0,9.0,2006.0,0,,,,False,False,False
682,2,2014-11-25,15216,2172,1,1,0,0,b,a,150.0,9.0,2006.0,0,,,,False,False,False
683,5,2014-06-06,10273,970,1,1,0,0,a,a,2850.0,7.0,2014.0,0,,,,False,False,False
684,4,2013-10-17,5100,442,1,0,0,0,d,c,680.0,8.0,2010.0,1,22.0,2012.0,"Jan,Apr,Jul,Oct",False,True,False
685,1,2015-04-06,0,0,0,0,b,1,a,a,650.0,11.0,2013.0,1,37.0,2009.0,"Jan,Apr,Jul,Oct",False,False,False
686,3,2013-03-06,7000,853,1,1,0,0,a,a,20050.0,4.0,2002.0,0,,,,False,False,False
686,4,2013-09-19,5200,775,1,0,0,0,a,a,20050.0,4.0,2002.0,0,,,,False,False,False
686,1,2014-03-03,11442,1233,1,1,0,0,a,a,20050.0,4.0,2002.0,0,,,,False,False,False
687,2,2013-12-17,10898,887,1,1,0,0,d,c,2770.0,8.0,2010.0,0,,,,False,True,False
689,7,2013-09-15,0,0,0,0,0,0,d,a,15040.0,10.0,2004.0,0,,,,False,False,False
689,6,2014-03-29,4981,577,1,0,0,0,d,a,15040.0,10.0,2004.0,0,,,,False,False,False
689,2,2014-12-02,9259,823,1,1,0,0,d,a,15040.0,10.0,2004.0,0,,,,False,False,False
689,2,2015-03-03,7253,744,1,1,0,0,d,a,15040.0,10.0,2004.0,0,,,,False,False,False
690,6,2013-01-12,4629,695,1,0,0,0,a,a,100.0,8.0,2010.0,0,,,,False,True,False
691,2,2014-07-15,8531,560,1,1,0,1,d,c,3030.0,8.0,2010.0,1,37.0,2009.0,"Jan,Apr,Jul,Oct",False,True,False
692,2,2014-09-09,4969,718,1,0,0,0,a,a,40.0,8.0,2001.0,0,,,,False,False,False
692,6,2015-01-31,4220,531,1,0,0,0,a,a,40.0,8.0,2001.0,0,,,,False,False,False
693,1,2013-08-05,4426,389,1,0,0,1,d,a,450.0,8.0,2010.0,1,40.0,2011.0,"Jan,Apr,Jul,Oct",False,True,False
694,5,2013-04-05,6063,609,1,0,0,1,a,c,460.0,11.0,2012.0,1,40.0,2014.0,"Jan,Apr,Jul,Oct",False,False,False
694,7,2014-05-25,0,0,0,0,0,0,a,c,460.0,11.0,2012.0,1,40.0,2014.0,"Jan,Apr,Jul,Oct",False,False,False
694,6,2015-04-25,8705,837,1,0,0,0,a,c,460.0,11.0,2012.0,1,40.0,2014.0,"Jan,Apr,Jul,Oct",False,False,False
695,3,2015-06-10,4246,415,1,0,0,0,a,a,550.0,7.0,2011.0,1,1.0,2012.0,"Jan,Apr,Jul,Oct",False,False,False
697,7,2013-03-10,0,0,0,0,0,0,d,a,3780.0,8.0,2010.0,1,40.0,2011.0,"Jan,Apr,Jul,Oct",False,True,False
697,7,2013-04-14,0,0,0,0,0,0,d,a,3780.0,8.0,2010.0,1,40.0,2011.0,"Jan,Apr,Jul,Oct",False,True,False
697,2,2014-02-04,13378,1188,1,1,0,0,d,a,3780.0,8.0,2010.0,1,40.0,2011.0,"Jan,Apr,Jul,Oct",False,True,False
697,7,2014-04-27,0,0,0,0,0,0,d,a,3780.0,8.0,2010.0,1,40.0,2011.0,"Jan,Apr,Jul,Oct",False,True,False
698,5,2014-05-09,16473,2019,1,1,0,0,a,a,1790.0,5.0,2011.0,0,,,,False,False,False
698,7,2014-08-24,0,0,0,0,0,0,a,a,1790.0,5.0,2011.0,0,,,,False,False,False
699,2,2015-02-03,0,0,0,1,0,0,a,a,180.0,8.0,2010.0,1,5.0,2013.0,"Jan,Apr,Jul,Oct",False,True,False
700,7,2014-03-23,0,0,0,0,0,0,a,c,830.0,8.0,2010.0,1,27.0,2013.0,"Jan,Apr,Jul,Oct",False,True,False
700,5,2015-05-22,4300,553,1,1,0,0,a,c,830.0,8.0,2010.0,1,27.0,2013.0,"Jan,Apr,Jul,Oct",False,True,False
701,3,2014-02-05,6899,706,1,1,0,0,d,a,1450.0,3.0,2012.0,1,14.0,2011.0,"Jan,Apr,Jul,Oct",False,False,False
701,6,2015-07-04,4344,541,1,0,0,0,d,a,1450.0,3.0,2012.0,1,14.0,2011.0,"Jan,Apr,Jul,Oct",False,False,False
701,4,2015-07-16,5862,602,1,1,0,0,d,a,1450.0,3.0,2012.0,1,14.0,2011.0,"Jan,Apr,Jul,Oct",False,False,False
702,5,2013-05-24,4086,346,1,0,0,1,a,a,8550.0,9.0,2001.0,1,45.0,2009.0,"Feb,May,Aug,Nov",False,False,False
702,7,2015-05-24,0,0,0,0,0,0,a,a,8550.0,9.0,2001.0,1,45.0,2009.0,"Feb,May,Aug,Nov",False,False,False
703,6,2013-11-16,2629,260,1,0,0,0,a,a,80.0,6.0,2005.0,0,,,,False,False,False
704,1,2014-07-14,13578,1267,1,1,0,1,d,c,1910.0,4.0,2009.0,0,,,,False,False,False
704,5,2014-09-26,9483,1060,1,0,0,0,d,c,1910.0,4.0,2009.0,0,,,,False,False,False
705,5,2014-04-25,6457,867,1,0,0,1,a,a,4140.0,9.0,2012.0,1,18.0,2011.0,"Feb,May,Aug,Nov",False,False,False
706,1,2013-05-20,0,0,0,0,a,0,d,a,7830.0,9.0,2014.0,1,10.0,2014.0,"Mar,Jun,Sept,Dec",False,False,False
706,5,2013-09-06,4672,486,1,0,0,1,d,a,7830.0,9.0,2014.0,1,10.0,2014.0,"Mar,Jun,Sept,Dec",False,False,False
706,1,2013-10-14,4319,430,1,0,0,0,d,a,7830.0,9.0,2014.0,1,10.0,2014.0,"Mar,Jun,Sept,Dec",False,False,False
706,3,2014-04-30,8342,699,1,1,0,0,d,a,7830.0,9.0,2014.0,1,10.0,2014.0,"Mar,Jun,Sept,Dec",False,False,False
707,6,2015-02-21,4745,508,1,0,0,0,a,c,2900.0,7.0,1990.0,0,,,,False,False,False
709,2,2013-04-02,11755,1541,1,0,0,1,a,a,500.0,12.0,2010.0,0,,,,False,False,False
709,7,2013-04-14,0,0,0,0,0,0,a,a,500.0,12.0,2010.0,0,,,,False,False,False
709,6,2013-05-04,4457,572,1,0,0,0,a,a,500.0,12.0,2010.0,0,,,,False,False,False
709,2,2014-12-16,14304,1659,1,1,0,0,a,a,500.0,12.0,2010.0,0,,,,False,False,False
710,7,2015-05-03,0,0,0,0,0,0,d,a,1500.0,9.0,2008.0,1,14.0,2011.0,"Jan,Apr,Jul,Oct",False,False,False
711,1,2013-04-01,0,0,0,0,b,1,d,a,17110.0,3.0,2007.0,1,5.0,2010.0,"Jan,Apr,Jul,Oct",False,False,False
712,1,2014-01-20,10443,767,1,1,0,0,a,a,4870.0,9.0,2007.0,1,45.0,2009.0,"Jan,Apr,Jul,Oct",False,False,False
713,2,2013-11-26,8342,1116,1,0,0,0,a,c,220.0,8.0,2010.0,1,10.0,2014.0,"Jan,Apr,Jul,Oct",False,True,False
713,6,2014-02-08,9414,1279,1,0,0,0,a,c,220.0,8.0,2010.0,1,10.0,2014.0,"Jan,Apr,Jul,Oct",False,True,False
713,5,2014-09-19,10072,1299,1,1,0,0,a,c,220.0,8.0,2010.0,1,10.0,2014.0,"Jan,Apr,Jul,Oct",False,True,False
715,4,2014-02-13,6070,689,1,0,0,0,a,a,14810.0,6.0,2014.0,0,,,,False,False,False
715,7,2014-04-13,0,0,0,0,0,0,a,a,14810.0,6.0,2014.0,0,,,,False,False,False
715,7,2014-04-20,0,0,0,0,0,0,a,a,14810.0,6.0,2014.0,0,,,,False,False,False
715,4,2014-07-17,7162,748,1,1,0,0,a,a,14810.0,6.0,2014.0,0,,,,False,False,False
715,4,2014-08-14,5319,612,1,0,0,1,a,a,14810.0,6.0,2014.0,0,,,,False,False,False
716,5,2014-01-24,6569,483,1,1,0,0,d,a,3200.0,1.0,2008.0,1,22.0,2011.0,"Jan,Apr,Jul,Oct",False,False,False
716,2,2015-01-27,4443,349,1,1,0,0,d,a,3200.0,1.0,2008.0,1,22.0,2011.0,"Jan,Apr,Jul,Oct",False,False,False
717,2,2013-03-26,6619,636,1,1,0,1,d,c,310.0,8.0,2010.0,1,40.0,2011.0,"Jan,Apr,Jul,Oct",False,True,False
717,7,2013-04-14,0,0,0,0,0,0,d,c,310.0,8.0,2010.0,1,40.0,2011.0,"Jan,Apr,Jul,Oct",False,True,False
717,7,2015-06-07,0,0,0,0,0,0,d,c,310.0,8.0,2010.0,1,40.0,2011.0,"Jan,Apr,Jul,Oct",False,True,False
718,3,2014-12-31,5038,525,1,0,0,1,a,a,1100.0,6.0,2015.0,0,,,,False,False,False
719,6,2013-12-21,8635,739,1,0,0,0,c,c,8190.0,8.0,2010.0,1,45.0,2009.0,"Feb,May,Aug,Nov",False,True,False
720,7,2013-04-28,0,0,0,0,0,0,a,c,15320.0,3.0,2011.0,1,14.0,2013.0,"Feb,May,Aug,Nov",False,False,False
720,2,2013-05-21,6454,752,1,0,0,0,a,c,15320.0,3.0,2011.0,1,14.0,2013.0,"Feb,May,Aug,Nov",False,False,False
720,2,2015-04-21,5550,601,1,0,0,0,a,c,15320.0,3.0,2011.0,1,14.0,2013.0,"Feb,May,Aug,Nov",False,False,False
721,5,2015-04-24,6661,692,1,0,0,0,a,c,3590.0,9.0,2012.0,1,22.0,2012.0,"Mar,Jun,Sept,Dec",False,False,False
721,3,2015-07-15,8305,737,1,1,0,0,a,c,3590.0,9.0,2012.0,1,22.0,2012.0,"Mar,Jun,Sept,Dec",False,False,False
722,4,2013-01-31,9905,1590,1,0,0,1,a,a,50.0,8.0,2010.0,0,,,,False,True,False
722,7,2013-09-22,0,0,0,0,0,0,a,a,50.0,8.0,2010.0,0,,,,False,True,False
722,5,2014-03-21,8137,1292,1,1,0,0,a,a,50.0,8.0,2010.0,0,,,,False,True,False
723,6,2014-10-18,7126,622,1,0,0,0,d,c,5650.0,9.0,2008.0,1,5.0,2013.0,"Feb,May,Aug,Nov",False,False,False
724,3,2015-04-01,10355,881,1,1,0,1,d,c,5900.0,8.0,2010.0,0,,,,False,True,False
725,3,2014-05-14,4816,530,1,0,0,0,d,c,17540.0,6.0,2012.0,0,,,,False,False,False
725,6,2015-03-07,4275,497,1,0,0,0,d,c,17540.0,6.0,2012.0,0,,,,False,False,False
726,6,2013-05-25,4678,502,1,0,0,0,a,c,40540.0,2.0,2002.0,0,,,,False,False,False
726,2,2014-03-25,8678,949,1,0,0,0,a,c,40540.0,2.0,2002.0,0,,,,False,False,False
726,1,2014-12-08,12702,1220,1,0,0,0,a,c,40540.0,2.0,2002.0,0,,,,False,False,False
726,3,2015-07-15,12973,1093,1,1,0,1,a,c,40540.0,2.0,2002.0,0,,,,False,False,False
727,2,2013-07-09,3775,435,1,0,0,1,a,a,2050.0,3.0,2007.0,0,,,,False,False,False
729,6,2013-05-11,10205,1063,1,0,0,0,c,c,8980.0,6.0,2011.0,0,,,,False,False,False
729,3,2013-08-28,9530,1002,1,1,0,1,c,c,8980.0,6.0,2011.0,0,,,,False,False,False
729,4,2013-11-21,9765,1011,1,1,0,0,c,c,8980.0,6.0,2011.0,0,,,,False,False,False
730,6,2013-01-05,10110,1218,1,0,0,0,c,a,1190.0,9.0,2013.0,0,,,,False,False,False
730,5,2014-08-22,7733,997,1,1,0,1,c,a,1190.0,9.0,2013.0,0,,,,False,False,False
730,2,2015-07-07,5830,769,1,0,0,0,c,a,1190.0,9.0,2013.0,0,,,,False,False,False
731,6,2014-04-19,10255,1232,1,0,0,0,a,a,15270.0,8.0,2010.0,1,10.0,2014.0,"Jan,Apr,Jul,Oct",False,True,False
731,4,2014-06-26,7062,838,1,0,0,0,a,a,15270.0,8.0,2010.0,1,10.0,2014.0,"Jan,Apr,Jul,Oct",False,True,False
731,2,2014-07-22,7031,762,1,0,0,1,a,a,15270.0,8.0,2010.0,1,10.0,2014.0,"Jan,Apr,Jul,Oct",False,True,False
732,7,2013-03-10,0,0,0,0,0,0,a,c,35280.0,8.0,2010.0,0,,,,False,True,False
732,1,2013-07-08,9960,1094,1,0,0,1,a,c,35280.0,8.0,2010.0,0,,,,False,True,False
732,2,2014-04-01,5752,620,1,1,0,0,a,c,35280.0,8.0,2010.0,0,,,,False,True,False
732,4,2014-04-24,6192,769,1,0,0,1,a,c,35280.0,8.0,2010.0,0,,,,False,True,False
732,2,2014-05-27,6540,777,1,0,0,0,a,c,35280.0,8.0,2010.0,0,,,,False,True,False
733,1,2013-05-13,16152,3529,1,1,0,0,b,b,860.0,10.0,1999.0,0,,,,False,False,False
733,1,2013-08-26,14149,3237,1,1,0,1,b,b,860.0,10.0,1999.0,0,,,,False,False,False
734,3,2013-04-24,4874,515,1,1,0,0,a,a,220.0,8.0,2010.0,1,36.0,2013.0,"Mar,Jun,Sept,Dec",False,True,False
735,3,2013-06-12,4468,510,1,0,0,0,d,c,1920.0,4.0,2005.0,0,,,,False,False,False
735,5,2014-08-15,4595,470,1,0,0,1,d,c,1920.0,4.0,2005.0,0,,,,False,False,False
736,5,2014-01-31,5121,494,1,0,0,0,c,c,1650.0,8.0,2010.0,1,14.0,2011.0,"Jan,Apr,Jul,Oct",False,True,False
737,1,2013-01-21,7619,1059,1,1,0,0,a,a,100.0,5.0,2007.0,1,31.0,2013.0,"Jan,Apr,Jul,Oct",False,False,False
737,4,2014-01-16,4790,760,1,0,0,0,a,a,100.0,5.0,2007.0,1,31.0,2013.0,"Jan,Apr,Jul,Oct",False,False,False
738,1,2013-07-15,11843,862,1,1,0,0,d,c,5980.0,10.0,2005.0,0,,,,False,False,False
738,1,2014-06-16,11083,836,1,1,0,0,d,c,5980.0,10.0,2005.0,0,,,,False,False,False
738,4,2014-11-20,6763,606,1,0,0,0,d,c,5980.0,10.0,2005.0,0,,,,False,False,False
739,1,2013-11-25,6665,613,1,0,0,0,d,c,2770.0,6.0,2008.0,1,22.0,2011.0,"Jan,Apr,Jul,Oct",False,False,False
740,3,2013-03-13,3687,314,1,0,0,0,d,a,6400.0,3.0,2014.0,0,,,,False,False,False
740,4,2014-12-25,0,0,0,0,c,1,d,a,6400.0,3.0,2014.0,0,,,,False,False,False
740,1,2015-01-12,8629,561,1,1,0,0,d,a,6400.0,3.0,2014.0,0,,,,False,False,False
741,6,2013-06-22,6304,850,1,0,0,0,d,c,11900.0,8.0,2010.0,0,,,,False,True,False
742,2,2015-01-27,8944,930,1,1,0,0,d,c,4380.0,8.0,2010.0,0,,,,False,True,False
742,6,2015-03-28,7976,866,1,0,0,0,d,c,4380.0,8.0,2010.0,0,,,,False,True,False
742,3,2015-06-03,11671,1166,1,1,0,0,d,c,4380.0,8.0,2010.0,0,,,,False,True,False
743,7,2014-11-30,0,0,0,0,0,0,a,a,6710.0,11.0,2003.0,1,14.0,2012.0,"Jan,Apr,Jul,Oct",False,False,False
744,6,2013-03-09,6975,820,1,0,0,0,a,a,1370.0,12.0,2011.0,1,40.0,2014.0,"Jan,Apr,Jul,Oct",False,False,False
744,6,2013-09-07,0,0,0,0,0,0,a,a,1370.0,12.0,2011.0,1,40.0,2014.0,"Jan,Apr,Jul,Oct",False,False,False
744,2,2013-09-10,0,0,0,1,0,1,a,a,1370.0,12.0,2011.0,1,40.0,2014.0,"Jan,Apr,Jul,Oct",False,False,False
744,1,2014-02-03,9473,984,1,1,0,0,a,a,1370.0,12.0,2011.0,1,40.0,2014.0,"Jan,Apr,Jul,Oct",False,False,False
744,7,2014-02-09,0,0,0,0,0,0,a,a,1370.0,12.0,2011.0,1,40.0,2014.0,"Jan,Apr,Jul,Oct",False,False,False
744,5,2014-04-18,0,0,0,1,b,1,a,a,1370.0,12.0,2011.0,1,40.0,2014.0,"Jan,Apr,Jul,Oct",False,False,False
746,1,2013-11-25,5958,482,1,0,0,0,d,c,4330.0,2.0,2011.0,1,35.0,2011.0,"Mar,Jun,Sept,Dec",False,False,False
746,7,2014-03-16,0,0,0,0,0,0,d,c,4330.0,2.0,2011.0,1,35.0,2011.0,"Mar,Jun,Sept,Dec",False,False,False
746,7,2015-02-01,0,0,0,0,0,0,d,c,4330.0,2.0,2011.0,1,35.0,2011.0,"Mar,Jun,Sept,Dec",False,False,False
748,5,2013-09-06,4328,435,1,0,0,0,d,a,2380.0,3.0,2010.0,1,14.0,2011.0,"Jan,Apr,Jul,Oct",False,False,False
748,3,2015-05-27,4285,376,1,0,0,0,d,a,2380.0,3.0,2010.0,1,14.0,2011.0,"Jan,Apr,Jul,Oct",False,False,False
749,4,2013-07-04,6719,826,1,1,0,0,a,a,3410.0,8.0,2011.0,1,14.0,2015.0,"Jan,Apr,Jul,Oct",False,False,False
749,2,2013-10-08,7053,769,1,1,0,1,a,a,3410.0,8.0,2011.0,1,14.0,2015.0,"Jan,Apr,Jul,Oct",False,False,False
749,7,2014-01-26,0,0,0,0,0,0,a,a,3410.0,8.0,2011.0,1,14.0,2015.0,"Jan,Apr,Jul,Oct",False,False,False
749,5,2015-04-03,0,0,0,1,b,1,a,a,3410.0,8.0,2011.0,1,14.0,2015.0,"Jan,Apr,Jul,Oct",False,False,False
750,7,2013-07-07,0,0,0,0,0,0,d,a,8670.0,2.0,2002.0,1,14.0,2011.0,"Jan,Apr,Jul,Oct",False,False,False
750,2,2013-09-03,3038,276,1,0,0,1,d,a,8670.0,2.0,2002.0,1,14.0,2011.0,"Jan,Apr,Jul,Oct",False,False,False
751,7,2014-07-13,0,0,0,0,0,0,a,a,650.0,10.0,2006.0,0,,,,False,False,False
751,3,2015-01-14,4277,561,1,1,0,0,a,a,650.0,10.0,2006.0,0,,,,False,False,False
752,3,2015-06-17,7159,522,1,1,0,0,a,a,970.0,3.0,2013.0,1,31.0,2013.0,"Feb,May,Aug,Nov",False,False,False
753,4,2014-03-13,5966,606,1,0,0,0,d,c,540.0,11.0,2012.0,1,35.0,2010.0,"Mar,Jun,Sept,Dec",False,False,False
753,3,2014-08-20,9995,854,1,1,0,0,d,c,540.0,11.0,2012.0,1,35.0,2010.0,"Mar,Jun,Sept,Dec",False,False,False
754,7,2015-06-07,0,0,0,0,0,0,c,c,380.0,5.0,2008.0,1,10.0,2014.0,"Mar,Jun,Sept,Dec",False,False,False
755,5,2013-10-25,10304,862,1,1,0,1,d,c,13130.0,12.0,2003.0,0,,,,False,False,False
758,5,2014-04-04,5212,721,1,1,0,0,a,c,19780.0,6.0,2008.0,0,,,,False,False,False
758,1,2014-05-19,6692,776,1,1,0,0,a,c,19780.0,6.0,2008.0,0,,,,False,False,False
758,1,2015-03-02,6654,738,1,1,0,0,a,c,19780.0,6.0,2008.0,0,,,,False,False,False
758,6,2015-07-04,2938,346,1,0,0,0,a,c,19780.0,6.0,2008.0,0,,,,False,False,False
759,2,2013-11-05,9685,906,1,1,0,0,a,a,110.0,11.0,2012.0,1,31.0,2013.0,"Feb,May,Aug,Nov",False,False,False
759,7,2013-12-01,0,0,0,0,0,0,a,a,110.0,11.0,2012.0,1,31.0,2013.0,"Feb,May,Aug,Nov",False,False,False
759,6,2014-02-01,4891,540,1,0,0,0,a,a,110.0,11.0,2012.0,1,31.0,2013.0,"Feb,May,Aug,Nov",False,False,False
759,4,2015-01-15,6553,692,1,1,0,0,a,a,110.0,11.0,2012.0,1,31.0,2013.0,"Feb,May,Aug,Nov",False,False,False
760,7,2013-01-06,0,0,0,0,0,0,a,a,560.0,1.0,2011.0,0,,,,False,False,False
761,7,2014-04-06,0,0,0,0,0,0,a,a,2390.0,9.0,2012.0,0,,,,False,False,False
761,5,2014-05-02,11266,1192,1,1,0,1,a,a,2390.0,9.0,2012.0,0,,,,False,False,False
761,5,2015-06-12,7804,926,1,0,0,0,a,a,2390.0,9.0,2012.0,0,,,,False,False,False
762,3,2014-06-11,2695,298,1,0,0,1,d,c,1280.0,8.0,2010.0,1,10.0,2013.0,"Mar,Jun,Sept,Dec",False,True,False
762,1,2015-02-16,6417,554,1,1,0,0,d,c,1280.0,8.0,2010.0,1,10.0,2013.0,"Mar,Jun,Sept,Dec",False,True,False
762,2,2015-05-26,4307,430,1,0,0,1,d,c,1280.0,8.0,2010.0,1,10.0,2013.0,"Mar,Jun,Sept,Dec",False,True,False
763,2,2013-05-21,5671,583,1,0,0,0,d,c,32240.0,3.0,2010.0,0,,,,False,False,False
763,1,2015-02-23,4733,512,1,0,0,0,d,c,32240.0,3.0,2010.0,0,,,,False,False,False
765,1,2014-06-16,11603,879,1,1,0,1,a,c,25430.0,5.0,1999.0,1,37.0,2009.0,"Jan,Apr,Jul,Oct",False,False,False
765,3,2015-06-17,9120,727,1,1,0,0,a,c,25430.0,5.0,1999.0,1,37.0,2009.0,"Jan,Apr,Jul,Oct",False,False,False
766,3,2013-01-02,4891,447,1,0,0,1,d,c,9820.0,8.0,2010.0,0,,,,False,True,False
766,7,2013-03-24,0,0,0,0,0,0,d,c,9820.0,8.0,2010.0,0,,,,False,True,False
768,4,2013-06-06,12852,1332,1,1,0,0,a,c,2630.0,9.0,2012.0,0,,,,False,False,False
768,6,2014-02-15,10254,1135,1,0,0,0,a,c,2630.0,9.0,2012.0,0,,,,False,False,False
768,2,2014-03-25,9435,1141,1,0,0,0,a,c,2630.0,9.0,2012.0,0,,,,False,False,False
769,2,2014-03-11,9497,2951,1,0,0,0,b,b,840.0,8.0,2010.0,1,48.0,2012.0,"Jan,Apr,Jul,Oct",False,True,False
769,1,2014-11-10,12744,3550,1,1,0,0,b,b,840.0,8.0,2010.0,1,48.0,2012.0,"Jan,Apr,Jul,Oct",False,True,False
769,6,2015-03-21,11878,3405,1,0,0,0,b,b,840.0,8.0,2010.0,1,48.0,2012.0,"Jan,Apr,Jul,Oct",False,True,False
769,4,2015-04-30,18177,4510,1,1,0,0,b,b,840.0,8.0,2010.0,1,48.0,2012.0,"Jan,Apr,Jul,Oct",False,True,False
770,6,2013-11-23,4579,559,1,0,0,0,a,c,100.0,4.0,2015.0,0,,,,False,False,False
770,6,2014-05-17,3688,476,1,0,0,0,a,c,100.0,4.0,2015.0,0,,,,False,False,False
771,1,2013-07-01,8647,866,1,1,0,0,a,a,20640.0,9.0,2007.0,0,,,,False,False,False
771,2,2015-06-23,5530,622,1,0,0,0,a,a,20640.0,9.0,2007.0,0,,,,False,False,False
771,3,2015-06-24,5626,601,1,0,0,0,a,a,20640.0,9.0,2007.0,0,,,,False,False,False
772,5,2014-03-14,3013,445,1,0,0,1,d,c,1850.0,8.0,2010.0,0,,,,False,True,False
772,3,2014-06-04,4349,570,1,1,0,0,d,c,1850.0,8.0,2010.0,0,,,,False,True,False
772,5,2014-09-12,3174,459,1,0,0,0,d,c,1850.0,8.0,2010.0,0,,,,False,True,False
772,7,2015-03-08,0,0,0,0,0,0,d,c,1850.0,8.0,2010.0,0,,,,False,True,False
772,3,2015-07-01,4805,556,1,1,0,0,d,c,1850.0,8.0,2010.0,0,,,,False,True,False
773,5,2014-01-31,5358,784,1,0,0,0,a,a,200.0,8.0,2010.0,0,,,,False,True,False
773,1,2015-03-30,6366,781,1,1,0,1,a,a,200.0,8.0,2010.0,0,,,,False,True,False
774,3,2014-04-02,6211,780,1,1,0,0,a,c,640.0,9.0,2013.0,0,,,,False,False,False
774,6,2014-07-12,3892,533,1,0,0,0,a,c,640.0,9.0,2013.0,0,,,,False,False,False
774,2,2015-02-10,5247,754,1,0,0,0,a,c,640.0,9.0,2013.0,0,,,,False,False,False
774,7,2015-05-10,0,0,0,0,0,0,a,c,640.0,9.0,2013.0,0,,,,False,False,False
775,7,2013-09-08,0,0,0,0,0,0,d,c,6970.0,12.0,2005.0,1,22.0,2011.0,"Jan,Apr,Jul,Oct",False,False,False
776,1,2014-06-16,6534,640,1,1,0,0,c,a,700.0,4.0,2009.0,1,14.0,2011.0,"Jan,Apr,Jul,Oct",False,False,False
777,7,2013-08-18,0,0,0,0,0,0,d,c,8250.0,10.0,2004.0,1,10.0,2013.0,"Mar,Jun,Sept,Dec",False,False,False
778,6,2013-10-12,5920,780,1,0,0,0,a,a,340.0,6.0,2003.0,1,40.0,2014.0,"Jan,Apr,Jul,Oct",False,False,False
779,2,2013-06-11,6056,721,1,0,0,0,a,a,16990.0,4.0,2004.0,0,,,,False,False,False
780,6,2013-02-02,2583,299,1,0,0,0,a,a,18160.0,8.0,2010.0,0,,,,False,True,False
780,7,2013-06-02,0,0,0,0,0,0,a,a,18160.0,8.0,2010.0,0,,,,False,True,False
780,7,2013-09-08,0,0,0,0,0,0,a,a,18160.0,8.0,2010.0,0,,,,False,True,False
780,7,2013-10-13,0,0,0,0,0,0,a,a,18160.0,8.0,2010.0,0,,,,False,True,False
780,5,2014-03-07,6377,817,1,1,0,0,a,a,18160.0,8.0,2010.0,0,,,,False,True,False
781,2,2013-10-15,3764,544,1,0,0,0,a,a,630.0,4.0,2007.0,0,,,,False,False,False
781,7,2015-01-18,0,0,0,0,0,0,a,a,630.0,4.0,2007.0,0,,,,False,False,False
784,7,2014-01-05,0,0,0,0,0,0,a,a,560.0,10.0,2014.0,1,10.0,2014.0,"Jan,Apr,Jul,Oct",False,False,False
784,6,2014-05-31,7504,775,1,0,0,0,a,a,560.0,10.0,2014.0,1,10.0,2014.0,"Jan,Apr,Jul,Oct",False,False,False
784,2,2014-08-12,6994,845,1,0,0,1,a,a,560.0,10.0,2014.0,1,10.0,2014.0,"Jan,Apr,Jul,Oct",False,False,False
786,5,2014-01-24,3679,551,1,1,0,0,a,a,290.0,11.0,2006.0,1,5.0,2013.0,"Feb,May,Aug,Nov",False,False,False
787,2,2015-02-10,8175,968,1,0,0,1,c,c,3210.0,6.0,2009.0,0,,,,False,False,False
788,3,2013-06-12,15519,1617,1,0,0,0,a,c,1530.0,3.0,2013.0,0,,,,False,False,False
788,6,2014-12-06,17754,1502,1,0,0,0,a,c,1530.0,3.0,2013.0,0,,,,False,False,False
788,5,2015-06-19,18367,1708,1,1,0,0,a,c,1530.0,3.0,2013.0,0,,,,False,False,False
789,5,2014-07-18,2990,427,1,1,0,0,a,c,9770.0,7.0,2003.0,0,,,,False,False,False
789,3,2015-03-25,3599,519,1,0,0,0,a,c,9770.0,7.0,2003.0,0,,,,False,False,False
790,3,2013-07-17,7505,652,1,1,0,1,d,c,9070.0,12.0,2003.0,0,,,,False,False,False
790,2,2013-08-27,7688,657,1,1,0,0,d,c,9070.0,12.0,2003.0,0,,,,False,False,False
790,4,2015-07-09,6570,606,1,0,0,0,d,c,9070.0,12.0,2003.0,0,,,,False,False,False
791,2,2013-04-23,7137,764,1,1,0,0,a,a,5950.0,4.0,2007.0,0,,,,False,False,False
791,1,2014-07-07,6870,800,1,0,0,1,a,a,5950.0,4.0,2007.0,0,,,,False,False,False
791,2,2014-10-07,7996,821,1,1,0,1,a,a,5950.0,4.0,2007.0,0,,,,False,False,False
792,3,2014-01-29,5113,587,1,0,0,0,d,a,17280.0,10.0,2009.0,1,18.0,2011.0,"Feb,May,Aug,Nov",False,False,False
793,7,2015-07-05,0,0,0,0,0,0,d,a,2710.0,7.0,2006.0,0,,,,False,False,False
794,6,2013-06-01,2401,434,1,0,0,0,c,c,5090.0,9.0,2006.0,0,,,,False,False,False
796,2,2013-01-01,0,0,0,0,a,1,a,c,7180.0,11.0,2012.0,0,,,,False,False,False
796,7,2013-04-28,0,0,0,0,0,0,a,c,7180.0,11.0,2012.0,0,,,,False,False,False
796,7,2014-09-28,0,0,0,0,0,0,a,c,7180.0,11.0,2012.0,0,,,,False,False,False
797,3,2013-09-18,2343,269,1,0,0,0,a,a,2090.0,10.0,2012.0,1,40.0,2014.0,"Jan,Apr,Jul,Oct",False,False,False
797,6,2013-10-12,3190,343,1,0,0,0,a,a,2090.0,10.0,2012.0,1,40.0,2014.0,"Jan,Apr,Jul,Oct",False,False,False
797,7,2015-01-25,0,0,0,0,0,0,a,a,2090.0,10.0,2012.0,1,40.0,2014.0,"Jan,Apr,Jul,Oct",False,False,False
798,2,2013-10-29,6289,855,1,0,0,1,a,a,9560.0,4.0,2001.0,0,,,,False,False,False
798,7,2014-11-02,0,0,0,0,0,0,a,a,9560.0,4.0,2001.0,0,,,,False,False,False
798,7,2015-04-12,0,0,0,0,0,0,a,a,9560.0,4.0,2001.0,0,,,,False,False,False
799,7,2013-06-23,0,0,0,0,0,0,a,c,2700.0,8.0,2010.0,0,,,,False,True,False
799,2,2014-09-09,8080,814,1,0,0,0,a,c,2700.0,8.0,2010.0,0,,,,False,True,False
800,5,2013-05-31,9022,765,1,1,0,0,d,a,2020.0,7.0,2014.0,0,,,,False,False,False
800,4,2013-11-21,6082,556,1,1,0,0,d,a,2020.0,7.0,2014.0,0,,,,False,False,False
800,4,2014-08-28,3637,368,1,0,0,1,d,a,2020.0,7.0,2014.0,0,,,,False,False,False
801,7,2013-06-30,0,0,0,0,0,0,d,a,48330.0,4.0,2013.0,0,,,,False,False,False
801,3,2014-06-18,5616,524,1,1,0,0,d,a,48330.0,4.0,2013.0,0,,,,False,False,False
801,3,2014-08-20,5466,488,1,1,0,1,d,a,48330.0,4.0,2013.0,0,,,,False,False,False
801,7,2015-04-12,0,0,0,0,0,0,d,a,48330.0,4.0,2013.0,0,,,,False,False,False
801,6,2015-05-23,4484,423,1,0,0,0,d,a,48330.0,4.0,2013.0,0,,,,False,False,False
803,2,2013-05-28,7707,582,1,1,0,0,d,a,1760.0,8.0,2010.0,1,10.0,2014.0,"Mar,Jun,Sept,Dec",False,True,False
805,4,2014-04-10,4018,429,1,0,0,0,d,a,24770.0,10.0,2011.0,1,10.0,2014.0,"Mar,Jun,Sept,Dec",False,False,False
805,3,2015-05-20,7007,557,1,1,0,0,d,a,24770.0,10.0,2011.0,1,10.0,2014.0,"Mar,Jun,Sept,Dec",False,False,False
806,4,2013-04-11,6881,540,1,1,0,0,d,a,260.0,8.0,2010.0,1,44.0,2010.0,"Feb,May,Aug,Nov",False,True,False
806,2,2013-04-30,10067,702,1,1,0,0,d,a,260.0,8.0,2010.0,1,44.0,2010.0,"Feb,May,Aug,Nov",False,True,False
806,4,2013-05-30,0,0,0,1,a,1,d,a,260.0,8.0,2010.0,1,44.0,2010.0,"Feb,May,Aug,Nov",False,True,False
806,5,2013-08-09,6255,497,1,0,0,1,d,a,260.0,8.0,2010.0,1,44.0,2010.0,"Feb,May,Aug,Nov",False,True,False
807,2,2013-08-06,6779,743,1,0,0,1,a,a,3870.0,4.0,2008.0,0,,,,False,False,False
807,7,2014-08-03,0,0,0,0,0,1,a,a,3870.0,4.0,2008.0,0,,,,False,False,False
808,2,2013-06-25,5483,490,1,0,0,0,a,a,18620.0,8.0,2010.0,1,31.0,2009.0,"Feb,May,Aug,Nov",False,True,False
809,2,2014-03-04,15411,1114,1,1,0,0,a,a,12770.0,10.0,2000.0,0,,,,False,False,False
809,2,2014-09-02,12624,946,1,1,0,0,a,a,12770.0,10.0,2000.0,0,,,,False,False,False
810,1,2014-04-07,5170,456,1,0,0,0,d,c,9640.0,11.0,2013.0,0,,,,False,False,False
811,1,2014-06-30,5977,842,1,1,0,0,a,a,410.0,9.0,2012.0,0,,,,False,False,False
811,7,2014-11-09,0,0,0,0,0,0,a,a,410.0,9.0,2012.0,0,,,,False,False,False
811,2,2015-06-23,3196,624,1,0,0,0,a,a,410.0,9.0,2012.0,0,,,,False,False,False
813,7,2013-01-13,0,0,0,0,0,0,a,a,1560.0,9.0,2003.0,0,,,,False,False,False
813,4,2013-05-02,6299,718,1,1,0,0,a,a,1560.0,9.0,2003.0,0,,,,False,False,False
814,3,2013-05-01,0,0,0,1,a,0,d,c,24530.0,7.0,2013.0,0,,,,False,False,False
814,6,2014-03-15,5213,464,1,0,0,0,d,c,24530.0,7.0,2013.0,0,,,,False,False,False
814,6,2014-08-23,5003,476,1,0,0,0,d,c,24530.0,7.0,2013.0,0,,,,False,False,False
814,5,2014-09-12,6934,607,1,0,0,0,d,c,24530.0,7.0,2013.0,0,,,,False,False,False
814,4,2015-02-26,7507,661,1,0,0,0,d,c,24530.0,7.0,2013.0,0,,,,False,False,False
816,7,2014-02-09,0,0,0,0,0,0,c,c,460.0,8.0,2010.0,0,,,,False,True,False
816,2,2014-12-02,6732,880,1,1,0,0,c,c,460.0,8.0,2010.0,0,,,,False,True,False
817,7,2013-08-18,0,0,0,0,0,0,a,a,140.0,3.0,2006.0,0,,,,False,False,False
817,2,2013-11-12,21956,3308,1,0,0,0,a,a,140.0,3.0,2006.0,0,,,,False,False,False
817,5,2015-06-19,22946,2996,1,1,0,0,a,a,140.0,3.0,2006.0,0,,,,False,False,False
818,4,2013-05-30,0,0,0,1,a,0,d,a,490.0,8.0,2010.0,1,35.0,2010.0,"Mar,Jun,Sept,Dec",False,True,False
818,1,2014-05-12,5757,647,1,0,0,0,d,a,490.0,8.0,2010.0,1,35.0,2010.0,"Mar,Jun,Sept,Dec",False,True,False
819,7,2013-04-14,0,0,0,0,0,0,a,c,720.0,10.0,2014.0,0,,,,False,False,False
819,3,2013-06-26,4793,458,1,0,0,1,a,c,720.0,10.0,2014.0,0,,,,False,False,False
819,1,2013-08-05,7234,736,1,0,0,0,a,c,720.0,10.0,2014.0,0,,,,False,False,False
819,3,2014-11-19,4224,433,1,0,0,0,a,c,720.0,10.0,2014.0,0,,,,False,False,False
819,2,2015-01-27,6883,581,1,1,0,0,a,c,720.0,10.0,2014.0,0,,,,False,False,False
821,7,2014-08-24,0,0,0,0,0,0,a,a,1700.0,9.0,2009.0,0,,,,False,False,False
822,1,2014-08-11,7492,623,1,0,0,1,a,c,410.0,11.0,2010.0,1,48.0,2010.0,"Mar,Jun,Sept,Dec",False,False,False
822,4,2015-03-19,6724,556,1,1,0,0,a,c,410.0,11.0,2010.0,1,48.0,2010.0,"Mar,Jun,Sept,Dec",False,False,False
823,5,2013-01-11,5871,598,1,1,0,0,a,c,16210.0,11.0,2010.0,0,,,,False,False,False
823,7,2013-08-11,0,0,0,0,0,0,a,c,16210.0,11.0,2010.0,0,,,,False,False,False
823,7,2013-12-15,0,0,0,0,0,0,a,c,16210.0,11.0,2010.0,0,,,,False,False,False
824,1,2014-07-21,6457,916,1,0,0,1,a,a,17570.0,8.0,2010.0,0,,,,False,True,False
824,3,2015-02-18,8124,1010,1,1,0,0,a,a,17570.0,8.0,2010.0,0,,,,False,True,False
825,3,2015-01-28,6325,618,1,1,0,0,a,a,380.0,5.0,2011.0,1,40.0,2014.0,"Jan,Apr,Jul,Oct",False,False,False
826,2,2013-08-20,6507,641,1,0,0,1,a,c,7980.0,6.0,2005.0,0,,,,False,False,False
826,2,2013-12-24,7754,702,1,0,0,1,a,c,7980.0,6.0,2005.0,0,,,,False,False,False
826,2,2014-04-08,7726,708,1,0,0,0,a,c,7980.0,6.0,2005.0,0,,,,False,False,False
826,5,2015-05-01,0,0,0,1,a,0,a,c,7980.0,6.0,2005.0,0,,,,False,False,False
827,6,2015-02-21,14242,1838,1,0,0,0,a,c,250.0,1.0,2005.0,0,,,,False,False,False
828,3,2013-05-15,4874,547,1,1,0,1,d,c,3290.0,12.0,2014.0,0,,,,False,False,False
828,3,2014-01-08,6659,732,1,1,0,0,d,c,3290.0,12.0,2014.0,0,,,,False,False,False
828,2,2014-12-23,9513,922,1,0,0,1,d,c,3290.0,12.0,2014.0,0,,,,False,False,False
829,5,2013-10-11,6145,803,1,1,0,0,c,a,110.0,8.0,2010.0,0,,,,False,True,False
829,6,2013-11-16,6018,909,1,0,0,0,c,a,110.0,8.0,2010.0,0,,,,False,True,False
829,3,2014-02-19,6171,806,1,1,0,0,c,a,110.0,8.0,2010.0,0,,,,False,True,False
830,7,2013-09-08,0,0,0,0,0,0,a,c,6320.0,8.0,2010.0,1,5.0,2011.0,"Jan,Apr,Jul,Oct",False,True,False
830,1,2014-04-28,9597,721,1,1,0,0,a,c,6320.0,8.0,2010.0,1,5.0,2011.0,"Jan,Apr,Jul,Oct",False,True,False
832,5,2013-10-11,7516,612,1,1,0,0,d,a,5070.0,8.0,2010.0,1,45.0,2009.0,"Feb,May,Aug,Nov",False,True,False
832,5,2014-10-31,7688,692,1,0,0,1,d,a,5070.0,8.0,2010.0,1,45.0,2009.0,"Feb,May,Aug,Nov",False,True,False
835,6,2015-06-06,4392,519,1,0,0,0,a,a,2890.0,12.0,2007.0,1,10.0,2014.0,"Mar,Jun,Sept,Dec",False,False,False
836,7,2013-03-03,0,0,0,0,0,0,a,a,2720.0,9.0,2012.0,0,,,,False,False,False
836,7,2014-10-05,0,0,0,0,0,0,a,a,2720.0,9.0,2012.0,0,,,,False,False,False
837,6,2013-01-26,1192,140,1,0,0,0,a,c,14600.0,4.0,2015.0,0,,,,False,False,False
838,5,2013-05-10,7427,840,1,0,0,1,d,c,6890.0,8.0,2010.0,1,48.0,2011.0,"Mar,Jun,Sept,Dec",False,True,False
838,1,2014-10-06,12478,1106,1,1,0,1,d,c,6890.0,8.0,2010.0,1,48.0,2011.0,"Mar,Jun,Sept,Dec",False,True,False
838,3,2015-02-11,6997,774,1,0,0,0,d,c,6890.0,8.0,2010.0,1,48.0,2011.0,"Mar,Jun,Sept,Dec",False,True,False
839,7,2014-10-26,0,0,0,0,0,0,c,a,240.0,1.0,2015.0,0,,,,False,False,False
840,1,2013-07-29,10515,1364,1,1,0,1,a,a,1070.0,9.0,2009.0,0,,,,False,False,False
840,1,2013-12-23,12494,1772,1,0,0,1,a,a,1070.0,9.0,2009.0,0,,,,False,False,False
840,5,2015-03-13,6214,964,1,0,0,0,a,a,1070.0,9.0,2009.0,0,,,,False,False,False
841,4,2014-09-25,2214,369,1,0,0,0,a,a,27650.0,8.0,2004.0,0,,,,False,False,False
842,7,2013-06-30,0,0,0,0,0,0,d,c,1200.0,11.0,2007.0,0,,,,False,False,False
842,1,2013-11-11,14126,974,1,0,0,0,d,c,1200.0,11.0,2007.0,0,,,,False,False,False
843,3,2014-04-30,13261,1440,1,1,0,0,c,a,60.0,4.0,2006.0,0,,,,False,False,False
843,4,2014-06-19,9834,1117,1,1,0,0,c,a,60.0,4.0,2006.0,0,,,,False,False,False
843,4,2014-07-03,10548,1129,1,1,0,0,c,a,60.0,4.0,2006.0,0,,,,False,False,False
843,4,2014-12-04,11256,1183,1,1,0,0,c,a,60.0,4.0,2006.0,0,,,,False,False,False
846,2,2014-06-10,9439,996,1,0,0,1,a,c,8860.0,4.0,2004.0,1,37.0,2009.0,"Jan,Apr,Jul,Oct",False,False,False
846,4,2014-12-25,0,0,0,0,c,1,a,c,8860.0,4.0,2004.0,1,37.0,2009.0,"Jan,Apr,Jul,Oct",False,False,False
846,2,2015-01-27,10543,920,1,1,0,0,a,c,8860.0,4.0,2004.0,1,37.0,2009.0,"Jan,Apr,Jul,Oct",False,False,False
846,3,2015-06-17,9904,805,1,1,0,0,a,c,8860.0,4.0,2004.0,1,37.0,2009.0,"Jan,Apr,Jul,Oct",False,False,False
847,5,2014-05-30,10592,1364,1,0,0,0,c,c,190.0,8.0,2010.0,1,31.0,2013.0,"Feb,May,Aug,Nov",False,True,False
848,2,2013-05-07,5186,670,1,0,0,0,a,c,370.0,7.0,2007.0,1,14.0,2011.0,"Jan,Apr,Jul,Oct",False,False,False
848,3,2014-04-02,6891,807,1,1,0,0,a,c,370.0,7.0,2007.0,1,14.0,2011.0,"Jan,Apr,Jul,Oct",False,False,False
848,7,2014-11-30,0,0,0,0,0,0,a,c,370.0,7.0,2007.0,1,14.0,2011.0,"Jan,Apr,Jul,Oct",False,False,False
849,4,2013-07-11,5923,656,1,0,0,1,c,c,5000.0,8.0,2010.0,0,,,,False,True,False
849,7,2013-12-22,0,0,0,0,0,0,c,c,5000.0,8.0,2010.0,0,,,,False,True,False
849,7,2014-05-11,0,0,0,0,0,0,c,c,5000.0,8.0,2010.0,0,,,,False,True,False
850,4,2013-01-31,5423,635,1,0,0,0,d,a,1120.0,5.0,2007.0,1,31.0,2013.0,"Jan,Apr,Jul,Oct",False,False,False
850,2,2015-03-24,4455,512,1,0,0,0,d,a,1120.0,5.0,2007.0,1,31.0,2013.0,"Jan,Apr,Jul,Oct",False,False,False
851,7,2014-01-05,0,0,0,0,0,0,d,c,2330.0,8.0,2010.0,1,49.0,2014.0,"Mar,Jun,Sept,Dec",False,True,False
852,5,2013-04-26,5002,610,1,1,0,0,c,a,940.0,4.0,2004.0,1,14.0,2011.0,"Jan,Apr,Jul,Oct",False,False,False
852,3,2013-07-17,4916,558,1,1,0,1,c,a,940.0,4.0,2004.0,1,14.0,2011.0,"Jan,Apr,Jul,Oct",False,False,False
852,7,2015-04-26,0,0,0,0,0,0,c,a,940.0,4.0,2004.0,1,14.0,2011.0,"Jan,Apr,Jul,Oct",False,False,False
853,2,2013-05-21,9895,1165,1,0,0,1,a,a,14040.0,8.0,2010.0,0,,,,False,True,False
853,6,2013-09-28,7085,804,1,0,0,0,a,a,14040.0,8.0,2010.0,0,,,,False,True,False
853,2,2014-10-28,8092,1037,1,0,0,1,a,a,14040.0,8.0,2010.0,0,,,,False,True,False
854,2,2013-06-11,4657,526,1,0,0,0,c,a,4770.0,8.0,2010.0,1,13.0,2010.0,"Jan,Apr,Jul,Oct",False,True,False
854,7,2015-02-01,0,0,0,0,0,0,c,a,4770.0,8.0,2010.0,1,13.0,2010.0,"Jan,Apr,Jul,Oct",False,True,False
855,7,2013-07-07,0,0,0,0,0,0,a,a,3440.0,8.0,2010.0,1,45.0,2009.0,"Feb,May,Aug,Nov",False,True,False
855,4,2013-07-11,4492,560,1,0,0,0,a,a,3440.0,8.0,2010.0,1,45.0,2009.0,"Feb,May,Aug,Nov",False,True,False
855,7,2014-02-16,0,0,0,0,0,0,a,a,3440.0,8.0,2010.0,1,45.0,2009.0,"Feb,May,Aug,Nov",False,True,False
856,1,2013-05-06,7226,1048,1,0,0,1,a,a,3020.0,2.0,2010.0,0,,,,False,False,False
856,7,2015-05-03,0,0,0,0,0,0,a,a,3020.0,2.0,2010.0,0,,,,False,False,False
857,5,2014-03-07,6834,910,1,1,0,0,c,a,6270.0,8.0,2005.0,1,23.0,2014.0,"Mar,Jun,Sept,Dec",False,False,False
857,3,2014-04-02,7258,873,1,1,0,0,c,a,6270.0,8.0,2005.0,1,23.0,2014.0,"Mar,Jun,Sept,Dec",False,False,False
857,4,2015-07-02,8250,893,1,1,0,0,c,a,6270.0,8.0,2005.0,1,23.0,2014.0,"Mar,Jun,Sept,Dec",False,False,False
860,6,2013-08-03,6237,770,1,0,0,0,c,c,5980.0,2.0,2010.0,0,,,,False,False,False
860,4,2014-04-10,4290,582,1,0,0,0,c,c,5980.0,2.0,2010.0,0,,,,False,False,False
861,2,2013-02-19,1786,315,1,1,0,0,c,c,740.0,8.0,2010.0,1,14.0,2013.0,"Mar,Jun,Sept,Dec",False,True,False
861,6,2013-12-21,4491,674,1,0,0,0,c,c,740.0,8.0,2010.0,1,14.0,2013.0,"Mar,Jun,Sept,Dec",False,True,False
861,7,2014-11-09,0,0,0,0,0,0,c,c,740.0,8.0,2010.0,1,14.0,2013.0,"Mar,Jun,Sept,Dec",False,True,False
862,5,2013-12-13,10614,1334,1,0,0,0,a,c,2840.0,3.0,2010.0,1,14.0,2011.0,"Jan,Apr,Jul,Oct",False,False,False
862,3,2014-07-02,9304,1181,1,1,0,0,a,c,2840.0,3.0,2010.0,1,14.0,2011.0,"Jan,Apr,Jul,Oct",False,False,False
862,7,2014-08-10,0,0,0,0,0,0,a,c,2840.0,3.0,2010.0,1,14.0,2011.0,"Jan,Apr,Jul,Oct",False,False,False
863,7,2013-03-24,0,0,0,0,0,0,a,c,21370.0,11.0,2010.0,0,,,,False,False,False
863,4,2014-09-25,6798,879,1,0,0,0,a,c,21370.0,11.0,2010.0,0,,,,False,False,False
864,4,2014-03-20,4521,639,1,1,0,0,a,a,1020.0,10.0,2012.0,1,45.0,2009.0,"Feb,May,Aug,Nov",False,False,False
865,2,2013-04-16,4411,465,1,0,0,0,d,c,2640.0,8.0,2010.0,0,,,,False,True,False
865,5,2014-11-28,10092,764,1,1,0,0,d,c,2640.0,8.0,2010.0,0,,,,False,True,False
866,3,2013-01-09,6038,450,1,1,0,1,d,a,9680.0,8.0,2010.0,1,5.0,2013.0,"Feb,May,Aug,Nov",False,True,False
866,4,2015-05-14,0,0,0,0,a,0,d,a,9680.0,8.0,2010.0,1,5.0,2013.0,"Feb,May,Aug,Nov",False,True,False
868,3,2014-12-17,12218,740,1,1,0,0,d,c,1360.0,8.0,2005.0,1,10.0,2014.0,"Jan,Apr,Jul,Oct",False,False,False
869,1,2014-03-10,4614,780,1,0,0,0,c,a,230.0,10.0,2001.0,1,14.0,2011.0,"Jan,Apr,Jul,Oct",False,False,False
870,1,2013-06-03,8845,993,1,1,0,0,a,a,780.0,4.0,2009.0,0,,,,False,False,False
870,5,2014-08-08,12437,1176,1,1,0,1,a,a,780.0,4.0,2009.0,0,,,,False,False,False
872,4,2013-03-14,8268,816,1,0,0,0,a,c,3860.0,9.0,2014.0,1,23.0,2015.0,"Mar,Jun,Sept,Dec",False,False,False
873,5,2013-03-29,0,0,0,1,b,1,a,a,2040.0,11.0,2008.0,0,,,,False,False,False
874,2,2013-04-16,2936,424,1,0,0,0,a,a,3210.0,8.0,2010.0,0,,,,False,True,False
874,5,2015-01-16,5495,614,1,1,0,0,a,a,3210.0,8.0,2010.0,0,,,,False,True,False
874,7,2015-04-12,0,0,0,0,0,0,a,a,3210.0,8.0,2010.0,0,,,,False,True,False
875,7,2013-05-05,0,0,0,0,0,0,d,a,5070.0,11.0,2007.0,1,18.0,2015.0,"Feb,May,Aug,Nov",False,False,False
875,4,2013-06-20,5386,502,1,1,0,0,d,a,5070.0,11.0,2007.0,1,18.0,2015.0,"Feb,May,Aug,Nov",False,False,False
875,2,2014-03-11,3613,406,1,0,0,0,d,a,5070.0,11.0,2007.0,1,18.0,2015.0,"Feb,May,Aug,Nov",False,False,False
875,2,2014-04-15,6427,561,1,1,0,1,d,a,5070.0,11.0,2007.0,1,18.0,2015.0,"Feb,May,Aug,Nov",False,False,False
875,7,2014-12-07,0,0,0,0,0,0,d,a,5070.0,11.0,2007.0,1,18.0,2015.0,"Feb,May,Aug,Nov",False,False,False
876,7,2015-06-14,0,0,0,0,0,0,a,a,21790.0,4.0,2005.0,1,18.0,2015.0,"Feb,May,Aug,Nov",False,False,False
877,3,2013-04-10,6087,839,1,1,0,0,a,c,29190.0,8.0,2010.0,0,,,,False,True,False
878,1,2013-01-28,7040,694,1,0,0,0,d,c,1100.0,12.0,2014.0,0,,,,False,False,False
878,1,2014-06-16,13289,1086,1,1,0,0,d,c,1100.0,12.0,2014.0,0,,,,False,False,False
878,2,2015-05-12,7721,712,1,0,0,0,d,c,1100.0,12.0,2014.0,0,,,,False,False,False
879,1,2013-08-05,2850,302,1,0,0,1,d,a,2325.0,8.0,2010.0,1,5.0,2013.0,"Feb,May,Aug,Nov",True,True,False
881,2,2013-01-22,4761,694,1,1,0,0,a,a,180.0,3.0,2008.0,1,31.0,2013.0,"Feb,May,Aug,Nov",False,False,False
881,6,2013-02-02,2362,390,1,0,0,0,a,a,180.0,3.0,2008.0,1,31.0,2013.0,"Feb,May,Aug,Nov",False,False,False
881,2,2013-07-02,5781,865,1,1,0,0,a,a,180.0,3.0,2008.0,1,31.0,2013.0,"Feb,May,Aug,Nov",False,False,False
881,3,2014-11-12,4901,738,1,1,0,0,a,a,180.0,3.0,2008.0,1,31.0,2013.0,"Feb,May,Aug,Nov",False,False,False
882,5,2014-02-21,7061,881,1,1,0,0,a,a,30.0,4.0,2013.0,0,,,,False,False,False
882,3,2014-03-12,4887,716,1,0,0,0,a,a,30.0,4.0,2013.0,0,,,,False,False,False
883,5,2014-08-01,4898,534,1,1,0,1,a,a,3200.0,6.0,2005.0,0,,,,False,False,False
883,7,2015-07-05,0,0,0,0,0,0,a,a,3200.0,6.0,2005.0,0,,,,False,False,False
884,7,2014-02-23,0,0,0,0,0,0,d,c,7550.0,8.0,2010.0,0,,,,False,True,False
884,5,2014-04-18,0,0,0,1,b,1,d,c,7550.0,8.0,2010.0,0,,,,False,True,False
884,7,2014-05-11,0,0,0,0,0,0,d,c,7550.0,8.0,2010.0,0,,,,False,True,False
884,1,2015-07-20,6210,615,1,0,0,0,d,c,7550.0,8.0,2010.0,0,,,,False,True,False
885,5,2015-01-23,4876,692,1,0,0,0,a,a,480.0,12.0,2005.0,0,,,,False,False,False
886,4,2013-03-14,5411,521,1,0,0,0,a,c,12430.0,10.0,2004.0,0,,,,False,False,False
886,2,2013-10-29,4537,544,1,0,0,1,a,c,12430.0,10.0,2004.0,0,,,,False,False,False
886,3,2014-12-17,8961,735,1,1,0,0,a,c,12430.0,10.0,2004.0,0,,,,False,False,False
886,5,2015-01-09,7184,665,1,1,0,0,a,c,12430.0,10.0,2004.0,0,,,,False,False,False
887,7,2013-03-03,0,0,0,0,0,0,d,a,19700.0,8.0,2010.0,1,37.0,2009.0,"Jan,Apr,Jul,Oct",False,True,False
887,4,2013-12-05,9583,735,1,1,0,0,d,a,19700.0,8.0,2010.0,1,37.0,2009.0,"Jan,Apr,Jul,Oct",False,True,False
888,5,2013-04-19,6798,693,1,0,0,0,d,a,4450.0,6.0,2012.0,1,35.0,2012.0,"Mar,Jun,Sept,Dec",False,False,False
888,3,2014-01-01,0,0,0,0,a,1,d,a,4450.0,6.0,2012.0,1,35.0,2012.0,"Mar,Jun,Sept,Dec",False,False,False
888,7,2014-03-30,0,0,0,0,0,0,d,a,4450.0,6.0,2012.0,1,35.0,2012.0,"Mar,Jun,Sept,Dec",False,False,False
888,7,2015-07-19,0,0,0,0,0,0,d,a,4450.0,6.0,2012.0,1,35.0,2012.0,"Mar,Jun,Sept,Dec",False,False,False
889,1,2013-09-02,3539,448,1,0,0,0,d,a,18670.0,12.0,2005.0,0,,,,False,False,False
889,4,2014-11-20,4157,480,1,0,0,0,d,a,18670.0,12.0,2005.0,0,,,,False,False,False
890,3,2015-04-08,5911,452,1,0,0,1,a,a,4450.0,8.0,2010.0,1,14.0,2011.0,"Jan,Apr,Jul,Oct",False,True,False
890,3,2015-05-27,4855,398,1,0,0,1,a,a,4450.0,8.0,2010.0,1,14.0,2011.0,"Jan,Apr,Jul,Oct",False,True,False
892,7,2013-12-22,0,0,0,0,0,0,a,a,19370.0,4.0,2002.0,0,,,,False,False,False
892,3,2015-02-04,7777,753,1,1,0,0,a,a,19370.0,4.0,2002.0,0,,,,False,False,False
893,6,2013-11-30,8144,1023,1,0,0,0,a,a,130.0,8.0,2010.0,1,1.0,2013.0,"Jan,Apr,Jul,Oct",False,True,False
894,5,2013-03-15,7611,1088,1,0,0,0,a,a,190.0,11.0,2012.0,0,,,,False,False,False
894,2,2013-05-14,11746,1213,1,1,0,0,a,a,190.0,11.0,2012.0,0,,,,False,False,False
895,2,2013-09-10,10511,997,1,1,0,0,a,c,4150.0,8.0,2010.0,0,,,,False,True,False
896,6,2013-05-04,6563,1095,1,0,0,0,a,c,170.0,9.0,2012.0,0,,,,False,False,False
896,3,2014-01-08,6671,1019,1,1,0,0,a,c,170.0,9.0,2012.0,0,,,,False,False,False
897,6,2014-10-11,3752,440,1,0,0,0,c,c,3290.0,1.0,2007.0,1,5.0,2013.0,"Feb,May,Aug,Nov",False,False,False
898,1,2014-09-29,9516,951,1,1,0,0,a,a,18540.0,8.0,2010.0,0,,,,False,True,False
898,2,2014-12-09,7765,883,1,0,0,0,a,a,18540.0,8.0,2010.0,0,,,,False,True,False
899,3,2014-11-05,6760,640,1,1,0,0,d,a,2590.0,8.0,2010.0,1,13.0,2010.0,"Jan,Apr,Jul,Oct",False,True,False
900,3,2013-04-03,4534,480,1,0,0,1,a,a,3920.0,4.0,2005.0,1,40.0,2014.0,"Jan,Apr,Jul,Oct",False,False,False
902,4,2013-01-31,4906,631,1,0,0,0,a,a,310.0,5.0,2015.0,1,40.0,2014.0,"Jan,Apr,Jul,Oct",False,False,False
903,7,2014-02-23,0,0,0,0,0,0,d,c,7290.0,9.0,2014.0,0,,,,False,False,False
903,7,2015-06-07,0,0,0,0,0,0,d,c,7290.0,9.0,2014.0,0,,,,False,False,False
905,1,2013-04-15,8670,1491,1,0,0,0,a,a,90.0,6.0,2014.0,0,,,,False,False,False
905,6,2013-11-02,10249,1465,1,0,0,0,a,a,90.0,6.0,2014.0,0,,,,False,False,False
905,1,2013-12-30,14597,2042,1,0,0,1,a,a,90.0,6.0,2014.0,0,,,,False,False,False
905,2,2015-06-09,6221,1004,1,0,0,0,a,a,90.0,6.0,2014.0,0,,,,False,False,False
906,7,2014-08-17,0,0,0,0,0,1,a,a,90.0,7.0,2010.0,0,,,,False,False,False
906,7,2015-06-07,0,0,0,0,0,0,a,a,90.0,7.0,2010.0,0,,,,False,False,False
907,2,2013-08-06,5127,776,1,0,0,1,a,c,250.0,8.0,2010.0,0,,,,False,True,False
907,2,2013-11-26,6147,834,1,0,0,0,a,c,250.0,8.0,2010.0,0,,,,False,True,False
907,1,2014-10-27,5711,755,1,0,0,0,a,c,250.0,8.0,2010.0,0,,,,False,True,False
907,5,2014-12-12,5509,664,1,0,0,0,a,c,250.0,8.0,2010.0,0,,,,False,True,False
907,6,2015-04-25,6102,799,1,0,0,0,a,c,250.0,8.0,2010.0,0,,,,False,True,False
907,7,2015-05-24,0,0,0,0,0,0,a,c,250.0,8.0,2010.0,0,,,,False,True,False
909,7,2014-01-12,0,0,0,0,0,0,a,c,1680.0,8.0,2010.0,1,45.0,2009.0,"Feb,May,Aug,Nov",False,True,False
909,1,2015-07-20,23081,1767,1,0,0,0,a,c,1680.0,8.0,2010.0,1,45.0,2009.0,"Feb,May,Aug,Nov",False,True,False
910,5,2013-11-22,6086,649,1,1,0,0,d,c,12480.0,8.0,2010.0,1,1.0,2013.0,"Jan,Apr,Jul,Oct",False,True,False
910,4,2014-04-03,5897,564,1,1,0,0,d,c,12480.0,8.0,2010.0,1,1.0,2013.0,"Jan,Apr,Jul,Oct",False,True,False
910,7,2014-09-07,0,0,0,0,0,0,d,c,12480.0,8.0,2010.0,1,1.0,2013.0,"Jan,Apr,Jul,Oct",False,True,False
910,7,2014-10-12,0,0,0,0,0,0,d,c,12480.0,8.0,2010.0,1,1.0,2013.0,"Jan,Apr,Jul,Oct",False,True,False
910,7,2015-05-24,0,0,0,0,0,0,d,c,12480.0,8.0,2010.0,1,1.0,2013.0,"Jan,Apr,Jul,Oct",False,True,False
911,7,2014-05-18,0,0,0,0,0,0,a,c,16490.0,8.0,2010.0,0,,,,False,True,False
913,6,2014-02-01,8115,1154,1,0,0,0,a,a,280.0,8.0,2010.0,0,,,,False,True,False
913,5,2014-04-04,9836,1273,1,1,0,0,a,a,280.0,8.0,2010.0,0,,,,False,True,False
913,2,2014-11-18,6822,969,1,0,0,0,a,a,280.0,8.0,2010.0,0,,,,False,True,False
914,3,2013-07-10,7013,895,1,0,0,1,c,c,2640.0,4.0,2011.0,1,22.0,2012.0,"Mar,Jun,Sept,Dec",False,False,False
915,1,2015-04-06,0,0,0,0,b,1,d,c,650.0,3.0,2013.0,1,40.0,2014.0,"Jan,Apr,Jul,Oct",False,False,False
915,5,2015-07-10,6382,530,1,0,0,0,d,c,650.0,3.0,2013.0,1,40.0,2014.0,"Jan,Apr,Jul,Oct",False,False,False
916,4,2013-12-05,6511,793,1,1,0,0,a,a,90.0,11.0,2012.0,0,,,,False,False,False
917,6,2014-11-01,0,0,0,0,a,0,a,a,7240.0,2.0,2010.0,0,,,,False,False,False
918,1,2013-11-25,4908,566,1,0,0,0,a,c,18710.0,4.0,2015.0,0,,,,False,False,False
920,1,2014-01-20,6606,641,1,1,0,0,a,a,850.0,2.0,2012.0,1,40.0,2014.0,"Jan,Apr,Jul,Oct",False,False,False
921,5,2014-04-18,0,0,0,1,b,1,a,a,840.0,9.0,2006.0,0,,,,False,False,False
923,6,2013-01-19,5302,519,1,0,0,0,a,a,280.0,9.0,2008.0,0,,,,False,False,False
924,1,2013-04-15,3636,427,1,0,0,0,a,a,6420.0,4.0,2011.0,1,1.0,2012.0,"Jan,Apr,Jul,Oct",False,False,False
925,7,2014-04-06,0,0,0,0,0,0,c,a,470.0,3.0,2007.0,1,1.0,2012.0,"Jan,Apr,Jul,Oct",False,False,False
926,6,2013-02-09,5528,490,1,0,0,0,d,c,5150.0,3.0,2011.0,1,13.0,2010.0,"Jan,Apr,Jul,Oct",False,False,False
926,2,2015-03-31,14540,817,1,1,0,1,d,c,5150.0,3.0,2011.0,1,13.0,2010.0,"Jan,Apr,Jul,Oct",False,False,False
927,4,2015-06-04,0,0,0,1,a,0,a,a,480.0,8.0,2010.0,0,,,,False,True,False
928,7,2013-09-08,0,0,0,0,0,0,d,c,1090.0,8.0,2010.0,1,31.0,2013.0,"Feb,May,Aug,Nov",False,True,False
928,7,2015-06-21,0,0,0,0,0,0,d,c,1090.0,8.0,2010.0,1,31.0,2013.0,"Feb,May,Aug,Nov",False,True,False
929,4,2014-02-20,5195,712,1,1,0,0,a,c,4820.0,9.0,2013.0,0,,,,False,False,False
929,7,2014-06-01,0,0,0,0,0,0,a,c,4820.0,9.0,2013.0,0,,,,False,False,False
929,7,2014-11-02,0,0,0,0,0,0,a,c,4820.0,9.0,2013.0,0,,,,False,False,False
931,4,2014-02-20,4178,475,1,1,0,0,a,c,1480.0,9.0,2011.0,1,1.0,2012.0,"Jan,Apr,Jul,Oct",False,False,False
931,2,2014-04-22,4381,530,1,0,0,1,a,c,1480.0,9.0,2011.0,1,1.0,2012.0,"Jan,Apr,Jul,Oct",False,False,False
931,7,2014-10-05,1401,190,1,0,0,0,a,c,1480.0,9.0,2011.0,1,1.0,2012.0,"Jan,Apr,Jul,Oct",False,False,False
932,3,2013-12-11,7385,809,1,0,0,0,a,a,15700.0,8.0,2010.0,1,13.0,2010.0,"Jan,Apr,Jul,Oct",False,True,False
935,1,2013-08-26,7303,775,1,1,0,0,a,c,22350.0,6.0,2010.0,0,,,,False,False,False
935,7,2015-06-07,0,0,0,0,0,0,a,c,22350.0,6.0,2010.0,0,,,,False,False,False
937,4,2014-02-20,6524,552,1,1,0,0,d,a,2810.0,8.0,2010.0,1,10.0,2014.0,"Jan,Apr,Jul,Oct",False,True,False
937,4,2014-11-13,7493,564,1,1,0,0,d,a,2810.0,8.0,2010.0,1,10.0,2014.0,"Jan,Apr,Jul,Oct",False,True,False
937,5,2015-01-30,9228,691,1,1,0,0,d,a,2810.0,8.0,2010.0,1,10.0,2014.0,"Jan,Apr,Jul,Oct",False,True,False
937,3,2015-07-01,7757,574,1,1,0,0,d,a,2810.0,8.0,2010.0,1,10.0,2014.0,"Jan,Apr,Jul,Oct",False,True,False
939,4,2013-08-29,5834,565,1,1,0,1,d,a,1340.0,8.0,2010.0,0,,,,False,True,False
940,2,2015-07-14,9297,817,1,1,0,1,d,c,6470.0,9.0,2012.0,0,,,,False,False,False
941,7,2013-06-30,0,0,0,0,0,0,a,a,1200.0,12.0,2011.0,1,31.0,2013.0,"Jan,Apr,Jul,Oct",False,False,False
942,2,2014-08-05,6968,517,1,1,0,1,d,c,6860.0,8.0,2010.0,1,18.0,2011.0,"Jan,Apr,Jul,Oct",False,True,False
942,7,2014-10-05,0,0,0,0,0,0,d,c,6860.0,8.0,2010.0,1,18.0,2011.0,"Jan,Apr,Jul,Oct",False,True,False
942,6,2015-02-14,7046,573,1,0,0,0,d,c,6860.0,8.0,2010.0,1,18.0,2011.0,"Jan,Apr,Jul,Oct",False,True,False
943,4,2013-03-14,6345,563,1,0,0,0,d,c,18020.0,8.0,2010.0,0,,,,False,True,False
943,1,2013-04-01,0,0,0,0,b,1,d,c,18020.0,8.0,2010.0,0,,,,False,True,False
943,3,2013-06-19,6201,525,1,1,0,0,d,c,18020.0,8.0,2010.0,0,,,,False,True,False
943,7,2014-10-05,0,0,0,0,0,0,d,c,18020.0,8.0,2010.0,0,,,,False,True,False
943,2,2015-07-28,7593,572,1,1,0,1,d,c,18020.0,8.0,2010.0,0,,,,False,True,False
944,4,2015-03-26,6275,1072,1,0,0,1,c,a,1670.0,7.0,2015.0,0,,,,False,False,False
945,5,2013-10-25,4143,538,1,1,0,0,a,c,12480.0,3.0,2011.0,0,,,,False,False,False
945,1,2014-05-05,6081,705,1,1,0,0,a,c,12480.0,3.0,2011.0,0,,,,False,False,False
946,5,2013-08-02,4493,543,1,1,0,1,a,a,2220.0,12.0,2011.0,1,14.0,2015.0,"Jan,Apr,Jul,Oct",False,False,False
946,1,2014-09-15,5846,693,1,1,0,0,a,a,2220.0,12.0,2011.0,1,14.0,2015.0,"Jan,Apr,Jul,Oct",False,False,False
947,3,2014-03-12,7586,1171,1,0,0,0,a,a,460.0,3.0,2014.0,1,13.0,2010.0,"Jan,Apr,Jul,Oct",False,False,False
948,1,2014-06-09,14055,2917,1,0,a,0,b,b,1430.0,8.0,2010.0,0,,,,False,True,False
949,6,2013-02-16,3236,399,1,0,0,0,a,a,870.0,3.0,2006.0,0,,,,False,False,False
949,2,2013-12-31,2887,318,1,0,0,1,a,a,870.0,3.0,2006.0,0,,,,False,False,False
949,3,2014-10-08,6469,596,1,1,0,0,a,a,870.0,3.0,2006.0,0,,,,False,False,False
949,2,2015-03-10,3426,367,1,0,0,0,a,a,870.0,3.0,2006.0,0,,,,False,False,False
949,3,2015-05-13,5224,524,1,0,0,0,a,a,870.0,3.0,2006.0,0,,,,False,False,False
949,7,2015-06-07,0,0,0,0,0,0,a,a,870.0,3.0,2006.0,0,,,,False,False,False
950,2,2013-02-19,6945,603,1,1,0,0,a,a,8460.0,11.0,1994.0,0,,,,False,False,False
951,5,2013-09-27,8881,774,1,1,0,0,d,c,710.0,8.0,2010.0,1,40.0,2011.0,"Jan,Apr,Jul,Oct",False,True,False
952,1,2014-01-06,0,0,0,1,a,0,d,c,6300.0,10.0,2013.0,0,,,,False,False,False
953,1,2014-12-15,11414,853,1,1,0,0,a,a,19830.0,4.0,2006.0,1,22.0,2011.0,"Mar,Jun,Sept,Dec",False,False,False
953,3,2015-02-18,5580,548,1,1,0,0,a,a,19830.0,4.0,2006.0,1,22.0,2011.0,"Mar,Jun,Sept,Dec",False,False,False
954,4,2013-10-03,0,0,0,0,a,0,a,a,390.0,2.0,2013.0,1,10.0,2014.0,"Jan,Apr,Jul,Oct",False,False,False
954,7,2015-02-08,0,0,0,0,0,0,a,a,390.0,2.0,2013.0,1,10.0,2014.0,"Jan,Apr,Jul,Oct",False,False,False
954,2,2015-03-17,8267,1010,1,1,0,0,a,a,390.0,2.0,2013.0,1,10.0,2014.0,"Jan,Apr,Jul,Oct",False,False,False
954,2,2015-04-21,5178,740,1,0,0,0,a,a,390.0,2.0,2013.0,1,10.0,2014.0,"Jan,Apr,Jul,Oct",False,False,False
955,5,2014-05-02,7885,717,1,1,0,0,d,c,1690.0,7.0,2009.0,1,36.0,2013.0,"Mar,Jun,Sept,Dec",False,False,False
955,6,2014-08-30,5706,550,1,0,0,0,d,c,1690.0,7.0,2009.0,1,36.0,2013.0,"Mar,Jun,Sept,Dec",False,False,False
956,5,2014-08-15,3167,443,1,0,0,1,a,a,2330.0,10.0,2014.0,1,18.0,2011.0,"Feb,May,Aug,Nov",False,False,False
956,2,2014-09-02,5007,641,1,1,0,0,a,a,2330.0,10.0,2014.0,1,18.0,2011.0,"Feb,May,Aug,Nov",False,False,False
956,5,2014-12-05,4954,605,1,1,0,0,a,a,2330.0,10.0,2014.0,1,18.0,2011.0,"Feb,May,Aug,Nov",False,False,False
956,4,2015-06-18,3478,458,1,1,0,0,a,a,2330.0,10.0,2014.0,1,18.0,2011.0,"Feb,May,Aug,Nov",False,False,False
957,2,2013-09-10,10200,1027,1,1,0,0,d,c,1420.0,11.0,2012.0,0,,,,False,False,False
957,6,2013-12-14,5747,588,1,0,0,0,d,c,1420.0,11.0,2012.0,0,,,,False,False,False
957,7,2014-08-31,0,0,0,0,0,0,d,c,1420.0,11.0,2012.0,0,,,,False,False,False
957,5,2014-12-12,7906,840,1,0,0,0,d,c,1420.0,11.0,2012.0,0,,,,False,False,False
958,5,2014-06-20,4305,572,1,1,0,0,a,a,440.0,11.0,2013.0,0,,,,False,False,False
958,3,2015-03-04,4132,527,1,1,0,0,a,a,440.0,11.0,2013.0,0,,,,False,False,False
959,6,2013-09-28,4200,416,1,0,0,0,a,c,1060.0,12.0,2005.0,0,,,,False,False,False
960,3,2013-05-08,6269,572,1,0,0,0,d,a,8990.0,8.0,2010.0,1,31.0,2009.0,"Feb,May,Aug,Nov",False,True,False
960,7,2014-06-15,0,0,0,0,0,0,d,a,8990.0,8.0,2010.0,1,31.0,2009.0,"Feb,May,Aug,Nov",False,True,False
961,3,2013-06-19,5749,619,1,1,0,0,d,c,9430.0,8.0,2010.0,0,,,,False,True,False
961,1,2015-07-13,8965,780,1,1,0,1,d,c,9430.0,8.0,2010.0,0,,,,False,True,False
962,1,2013-12-09,5540,852,1,0,0,0,c,a,260.0,8.0,2010.0,0,,,,False,True,False
962,2,2014-04-08,5750,836,1,0,0,0,c,a,260.0,8.0,2010.0,0,,,,False,True,False
962,2,2014-04-22,5242,853,1,0,0,1,c,a,260.0,8.0,2010.0,0,,,,False,True,False
962,3,2014-08-27,4370,690,1,0,0,0,c,a,260.0,8.0,2010.0,0,,,,False,True,False
962,1,2014-11-03,13083,1403,1,1,0,0,c,a,260.0,8.0,2010.0,0,,,,False,True,False
963,1,2014-03-03,19788,1694,1,1,0,0,a,c,23620.0,11.0,2013.0,0,,,,False,False,False
963,6,2014-03-15,3443,316,1,0,0,0,a,c,23620.0,11.0,2013.0,0,,,,False,False,False
963,1,2014-11-24,19072,1536,1,1,0,0,a,c,23620.0,11.0,2013.0,0,,,,False,False,False
964,5,2013-11-29,10768,1511,1,0,0,0,a,a,270.0,8.0,2010.0,1,5.0,2013.0,"Feb,May,Aug,Nov",False,True,False
964,2,2014-07-08,6145,989,1,0,0,0,a,a,270.0,8.0,2010.0,1,5.0,2013.0,"Feb,May,Aug,Nov",False,True,False
964,4,2015-01-15,9859,1300,1,1,0,0,a,a,270.0,8.0,2010.0,1,5.0,2013.0,"Feb,May,Aug,Nov",False,True,False
964,6,2015-05-16,9314,1418,1,0,0,0,a,a,270.0,8.0,2010.0,1,5.0,2013.0,"Feb,May,Aug,Nov",False,True,False
965,2,2013-06-25,6326,759,1,0,0,0,a,c,110.0,8.0,2010.0,0,,,,False,True,False
965,3,2014-01-15,6703,809,1,0,0,0,a,c,110.0,8.0,2010.0,0,,,,False,True,False
966,5,2014-11-07,5946,716,1,1,0,0,a,a,760.0,2.0,2008.0,0,,,,False,False,False
967,1,2013-06-03,12733,1322,1,1,0,0,a,c,3560.0,9.0,2013.0,1,36.0,2013.0,"Jan,Apr,Jul,Oct",False,False,False
968,6,2015-03-14,4986,586,1,0,0,0,c,a,1190.0,8.0,2010.0,0,,,,False,True,False
969,4,2013-04-18,2422,503,1,0,0,0,a,c,600.0,11.0,1999.0,1,10.0,2013.0,"Jan,Apr,Jul,Oct",False,False,False
969,4,2013-06-27,3116,519,1,0,0,0,a,c,600.0,11.0,1999.0,1,10.0,2013.0,"Jan,Apr,Jul,Oct",False,False,False
969,5,2014-01-31,3125,528,1,0,0,0,a,c,600.0,11.0,1999.0,1,10.0,2013.0,"Jan,Apr,Jul,Oct",False,False,False
969,4,2014-05-01,0,0,0,1,a,0,a,c,600.0,11.0,1999.0,1,10.0,2013.0,"Jan,Apr,Jul,Oct",False,False,False
969,6,2014-11-22,3637,553,1,0,0,0,a,c,600.0,11.0,1999.0,1,10.0,2013.0,"Jan,Apr,Jul,Oct",False,False,False
969,2,2015-06-23,3123,592,1,0,0,0,a,c,600.0,11.0,1999.0,1,10.0,2013.0,"Jan,Apr,Jul,Oct",False,False,False
970,3,2013-06-26,3293,393,1,0,0,0,a,a,910.0,12.0,2014.0,1,37.0,2009.0,"Jan,Apr,Jul,Oct",False,False,False
970,7,2015-04-12,0,0,0,0,0,0,a,a,910.0,12.0,2014.0,1,37.0,2009.0,"Jan,Apr,Jul,Oct",False,False,False
971,2,2013-01-29,5511,777,1,0,0,0,c,a,1140.0,5.0,2011.0,1,14.0,2012.0,"Mar,Jun,Sept,Dec",False,False,False
972,2,2013-07-30,4351,489,1,1,0,1,a,a,14960.0,8.0,2010.0,0,,,,False,True,False
972,7,2013-09-08,0,0,0,0,0,0,a,a,14960.0,8.0,2010.0,0,,,,False,True,False
972,1,2015-01-12,5729,539,1,1,0,0,a,a,14960.0,8.0,2010.0,0,,,,False,True,False
972,3,2015-01-14,3378,389,1,1,0,0,a,a,14960.0,8.0,2010.0,0,,,,False,True,False
972,2,2015-02-17,4186,415,1,1,0,0,a,a,14960.0,8.0,2010.0,0,,,,False,True,False
974,7,2013-09-08,0,0,0,0,0,0,a,a,150.0,3.0,2011.0,1,40.0,2014.0,"Jan,Apr,Jul,Oct",False,False,False
974,7,2015-03-08,0,0,0,0,0,0,a,a,150.0,3.0,2011.0,1,40.0,2014.0,"Jan,Apr,Jul,Oct",False,False,False
974,3,2015-06-17,13720,1747,1,1,0,0,a,a,150.0,3.0,2011.0,1,40.0,2014.0,"Jan,Apr,Jul,Oct",False,False,False
976,5,2014-01-24,7232,758,1,1,0,0,a,a,4180.0,8.0,2010.0,0,,,,False,True,False
977,1,2015-06-22,3931,445,1,0,0,0,a,a,520.0,9.0,2005.0,1,13.0,2010.0,"Jan,Apr,Jul,Oct",False,False,False
978,2,2013-01-01,0,0,0,0,a,1,c,c,3890.0,8.0,2010.0,0,,,,False,True,False
978,7,2013-06-09,0,0,0,0,0,0,c,c,3890.0,8.0,2010.0,0,,,,False,True,False
979,2,2013-05-21,5722,661,1,0,0,0,a,c,2270.0,11.0,2005.0,1,14.0,2011.0,"Jan,Apr,Jul,Oct",False,False,False
979,6,2014-02-22,4481,555,1,0,0,0,a,c,2270.0,11.0,2005.0,1,14.0,2011.0,"Jan,Apr,Jul,Oct",False,False,False
979,1,2014-12-15,13140,989,1,1,0,0,a,c,2270.0,11.0,2005.0,1,14.0,2011.0,"Jan,Apr,Jul,Oct",False,False,False
979,7,2015-06-14,0,0,0,0,0,0,a,c,2270.0,11.0,2005.0,1,14.0,2011.0,"Jan,Apr,Jul,Oct",False,False,False
980,5,2014-04-04,8105,625,1,1,0,0,a,a,4420.0,9.0,2005.0,0,,,,False,False,False
982,7,2013-01-13,0,0,0,0,0,0,d,a,21930.0,8.0,2010.0,0,,,,False,True,False
982,4,2013-07-11,7318,689,1,0,0,0,d,a,21930.0,8.0,2010.0,0,,,,False,True,False
982,7,2014-02-09,0,0,0,0,0,0,d,a,21930.0,8.0,2010.0,0,,,,False,True,False
982,3,2014-10-22,7084,603,1,1,0,1,d,a,21930.0,8.0,2010.0,0,,,,False,True,False
983,3,2014-04-02,8995,1273,1,1,0,0,a,a,40.0,3.0,2014.0,1,1.0,2014.0,"Jan,Apr,Jul,Oct",False,False,False
983,5,2015-04-24,5906,903,1,0,0,0,a,a,40.0,3.0,2014.0,1,1.0,2014.0,"Jan,Apr,Jul,Oct",False,False,False
984,3,2014-03-05,7837,850,1,1,0,0,c,a,440.0,8.0,2010.0,1,1.0,2013.0,"Jan,Apr,Jul,Oct",False,True,False
984,3,2014-08-06,6830,766,1,1,0,1,c,a,440.0,8.0,2010.0,1,1.0,2013.0,"Jan,Apr,Jul,Oct",False,True,False
985,6,2015-04-25,8954,863,1,0,0,0,c,c,490.0,5.0,2007.0,1,13.0,2010.0,"Jan,Apr,Jul,Oct",False,False,False
986,7,2013-04-28,0,0,0,0,0,0,a,a,620.0,10.0,2014.0,1,18.0,2014.0,"Feb,May,Aug,Nov",False,False,False
986,7,2014-01-12,0,0,0,0,0,0,a,a,620.0,10.0,2014.0,1,18.0,2014.0,"Feb,May,Aug,Nov",False,False,False
986,1,2014-07-14,7496,845,1,1,0,1,a,a,620.0,10.0,2014.0,1,18.0,2014.0,"Feb,May,Aug,Nov",False,False,False
987,6,2014-03-29,3781,507,1,0,0,0,c,a,1690.0,6.0,2007.0,0,,,,False,False,False
988,3,2013-04-24,4857,815,1,1,0,0,a,a,30.0,11.0,2012.0,0,,,,False,False,False
988,5,2013-06-07,4715,779,1,1,0,0,a,a,30.0,11.0,2012.0,0,,,,False,False,False
988,2,2015-02-17,4340,684,1,1,0,0,a,a,30.0,11.0,2012.0,0,,,,False,False,False
989,1,2013-04-15,4441,555,1,0,0,0,a,a,1640.0,6.0,2006.0,1,40.0,2011.0,"Jan,Apr,Jul,Oct",False,False,False
989,1,2015-04-20,5052,621,1,0,0,0,a,a,1640.0,6.0,2006.0,1,40.0,2011.0,"Jan,Apr,Jul,Oct",False,False,False
990,7,2014-11-02,0,0,0,0,0,0,d,a,20930.0,8.0,2010.0,0,,,,False,True,False
991,5,2014-12-12,6193,550,1,0,0,0,a,a,1010.0,8.0,2010.0,0,,,,False,True,False
991,5,2015-02-06,6611,593,1,1,0,0,a,a,1010.0,8.0,2010.0,0,,,,False,True,False
991,3,2015-04-22,3887,399,1,0,0,0,a,a,1010.0,8.0,2010.0,0,,,,False,True,False
992,5,2014-09-12,4881,631,1,0,0,0,a,a,2480.0,7.0,1990.0,0,,,,False,False,False
993,7,2013-01-06,0,0,0,0,0,0,d,c,3460.0,10.0,2013.0,1,10.0,2014.0,"Jan,Apr,Jul,Oct",False,False,False
993,5,2013-02-22,8928,889,1,1,0,0,d,c,3460.0,10.0,2013.0,1,10.0,2014.0,"Jan,Apr,Jul,Oct",False,False,False
994,6,2015-03-07,2727,263,1,0,0,0,a,a,2290.0,7.0,2011.0,1,1.0,2012.0,"Jan,Apr,Jul,Oct",False,False,False
995,2,2014-12-09,9394,779,1,0,0,0,d,a,6560.0,12.0,2013.0,0,,,,False,False,False
996,5,2013-07-12,4725,607,1,0,0,0,c,a,2870.0,7.0,2015.0,1,13.0,2010.0,"Jan,Apr,Jul,Oct",False,False,False
996,3,2014-02-12,5073,629,1,0,0,0,c,a,2870.0,7.0,2015.0,1,13.0,2010.0,"Jan,Apr,Jul,Oct",False,False,False
996,2,2014-06-24,5195,611,1,0,0,0,c,a,2870.0,7.0,2015.0,1,13.0,2010.0,"Jan,Apr,Jul,Oct",False,False,False
996,6,2015-05-30,5220,649,1,0,0,0,c,a,2870.0,7.0,2015.0,1,13.0,2010.0,"Jan,Apr,Jul,Oct",False,False,False
997,6,2013-10-05,4795,418,1,0,0,0,d,c,5840.0,7.0,2010.0,1,37.0,2009.0,"Jan,Apr,Jul,Oct",False,False,False
997,2,2013-12-24,3157,309,1,0,0,1,d,c,5840.0,7.0,2010.0,1,37.0,2009.0,"Jan,Apr,Jul,Oct",False,False,False
997,7,2014-10-26,0,0,0,0,0,1,d,c,5840.0,7.0,2010.0,1,37.0,2009.0,"Jan,Apr,Jul,Oct",False,False,False
997,3,2014-11-12,5331,383,1,1,0,0,d,c,5840.0,7.0,2010.0,1,37.0,2009.0,"Jan,Apr,Jul,Oct",False,False,False
997,1,2015-02-16,7370,536,1,1,0,0,d,c,5840.0,7.0,2010.0,1,37.0,2009.0,"Jan,Apr,Jul,Oct",False,False,False
997,6,2015-05-09,5406,440,1,0,0,0,d,c,5840.0,7.0,2010.0,1,37.0,2009.0,"Jan,Apr,Jul,Oct",False,False,False
998,1,2013-10-28,3765,534,1,0,0,1,a,a,780.0,9.0,2005.0,1,5.0,2013.0,"Feb,May,Aug,Nov",False,False,False
998,5,2014-03-14,4360,581,1,0,0,0,a,a,780.0,9.0,2005.0,1,5.0,2013.0,"Feb,May,Aug,Nov",False,False,False
999,3,2013-05-08,8508,711,1,0,0,0,d,c,15140.0,2.0,2002.0,1,37.0,2009.0,"Jan,Apr,Jul,Oct",False,False,False
999,7,2013-09-22,0,0,0,0,0,0,d,c,15140.0,2.0,2002.0,1,37.0,2009.0,"Jan,Apr,Jul,Oct",False,False,False
1001,1,2013-09-30,6615,773,1,0,0,0,c,a,19640.0,8.0,2010.0,1,14.0,2011.0,"Jan,Apr,Jul,Oct",False,True,False
1002,6,2013-06-29,6281,678,1,0,0,0,d,c,1130.0,11.0,2008.0,0,,,,False,False,False
1002,3,2015-02-11,4965,657,1,0,0,0,d,c,1130.0,11.0,2008.0,0,,,,False,False,False
1003,7,2014-03-23,0,0,0,0,0,0,a,a,170.0,7.0,2013.0,1,27.0,2013.0,"Jan,Apr,Jul,Oct",False,False,False
1005,3,2013-07-24,5205,828,1,0,0,1,a,a,6480.0,8.0,2010.0,0,,,,False,True,False
1005,4,2014-06-05,6584,996,1,1,0,0,a,a,6480.0,8.0,2010.0,0,,,,False,True,False
1005,1,2014-10-20,7644,1068,1,1,0,0,a,a,6480.0,8.0,2010.0,0,,,,False,True,False
1005,1,2015-01-05,8265,1124,1,1,0,1,a,a,6480.0,8.0,2010.0,0,,,,False,True,False
1005,1,2015-02-23,4688,725,1,0,0,0,a,a,6480.0,8.0,2010.0,0,,,,False,True,False
1008,5,2013-07-26,3774,562,1,0,0,1,a,c,30.0,9.0,2010.0,0,,,,False,False,False
1008,6,2014-04-26,4668,645,1,0,0,0,a,c,30.0,9.0,2010.0,0,,,,False,False,False
1008,2,2014-04-29,7085,835,1,1,0,1,a,c,30.0,9.0,2010.0,0,,,,False,False,False
1008,7,2014-09-14,0,0,0,0,0,0,a,c,30.0,9.0,2010.0,0,,,,False,False,False
1009,1,2013-11-04,6772,624,1,1,0,0,a,a,230.0,7.0,2004.0,1,10.0,2014.0,"Jan,Apr,Jul,Oct",False,False,False
1010,6,2015-06-27,9654,856,1,0,0,0,d,c,4610.0,6.0,2010.0,1,18.0,2010.0,"Feb,May,Aug,Nov",False,False,False
1013,7,2015-03-08,0,0,0,0,0,0,a,a,630.0,2.0,2015.0,1,31.0,2013.0,"Feb,May,Aug,Nov",False,False,False
1013,4,2015-04-16,4093,470,1,1,0,0,a,a,630.0,2.0,2015.0,1,31.0,2013.0,"Feb,May,Aug,Nov",False,False,False
1013,1,2015-05-18,5903,581,1,1,0,0,a,a,630.0,2.0,2015.0,1,31.0,2013.0,"Feb,May,Aug,Nov",False,False,False
1014,3,2013-03-06,13626,1557,1,1,0,0,a,c,210.0,8.0,2010.0,1,31.0,2013.0,"Jan,Apr,Jul,Oct",False,True,False
1014,1,2013-09-02,12858,1504,1,0,0,1,a,c,210.0,8.0,2010.0,1,31.0,2013.0,"Jan,Apr,Jul,Oct",False,True,False
1014,1,2014-06-23,11428,1366,1,0,0,0,a,c,210.0,8.0,2010.0,1,31.0,2013.0,"Jan,Apr,Jul,Oct",False,True,False
1014,4,2015-02-26,11852,1320,1,0,0,0,a,c,210.0,8.0,2010.0,1,31.0,2013.0,"Jan,Apr,Jul,Oct",False,True,False
1015,7,2013-01-13,0,0,0,0,0,0,d,c,9910.0,12.0,2010.0,1,9.0,2011.0,"Mar,Jun,Sept,Dec",False,False,False
1015,4,2014-06-19,0,0,0,1,a,0,d,c,9910.0,12.0,2010.0,1,9.0,2011.0,"Mar,Jun,Sept,Dec",False,False,False
1015,2,2014-10-14,4865,423,1,0,0,0,d,c,9910.0,12.0,2010.0,1,9.0,2011.0,"Mar,Jun,Sept,Dec",False,False,False
1016,5,2013-03-15,5128,498,1,0,0,0,c,c,550.0,8.0,2010.0,1,35.0,2010.0,"Mar,Jun,Sept,Dec",False,True,False
1016,6,2014-04-12,3232,368,1,0,0,0,c,c,550.0,8.0,2010.0,1,35.0,2010.0,"Mar,Jun,Sept,Dec",False,True,False
1016,1,2015-02-09,4412,493,1,0,0,0,c,c,550.0,8.0,2010.0,1,35.0,2010.0,"Mar,Jun,Sept,Dec",False,True,False
1017,3,2013-05-01,0,0,0,1,a,0,c,a,110.0,11.0,2008.0,0,,,,False,False,False
1017,6,2013-08-24,3883,667,1,0,0,0,c,a,110.0,11.0,2008.0,0,,,,False,False,False
1017,1,2015-05-04,9391,1172,1,1,0,0,c,a,110.0,11.0,2008.0,0,,,,False,False,False
1019,7,2013-12-01,0,0,0,0,0,0,d,c,2740.0,7.0,2014.0,1,13.0,2010.0,"Jan,Apr,Jul,Oct",False,False,False
1020,2,2013-05-28,9656,1172,1,1,0,0,a,a,40.0,8.0,2015.0,0,,,,False,False,False
1020,1,2015-01-12,10015,1157,1,1,0,0,a,a,40.0,8.0,2015.0,0,,,,False,False,False
1021,1,2014-08-25,8550,1118,1,0,0,0,a,a,1080.0,5.0,2011.0,0,,,,False,False,False
1022,1,2013-07-01,12384,1164,1,1,0,0,a,c,1520.0,8.0,2010.0,0,,,,False,True,False
1022,6,2013-08-17,5473,711,1,0,0,0,a,c,1520.0,8.0,2010.0,0,,,,False,True,False
1022,3,2013-10-30,5936,729,1,0,0,1,a,c,1520.0,8.0,2010.0,0,,,,False,True,False
1022,6,2014-05-10,7572,884,1,0,0,0,a,c,1520.0,8.0,2010.0,0,,,,False,True,False
1023,5,2013-05-24,5181,604,1,0,0,0,c,a,3740.0,2.0,2002.0,1,14.0,2011.0,"Jan,Apr,Jul,Oct",False,False,False
1023,6,2013-08-31,5829,720,1,0,0,0,c,a,3740.0,2.0,2002.0,1,14.0,2011.0,"Jan,Apr,Jul,Oct",False,False,False
1023,4,2014-02-27,3703,455,1,0,0,1,c,a,3740.0,2.0,2002.0,1,14.0,2011.0,"Jan,Apr,Jul,Oct",False,False,False
1024,4,2014-10-02,7451,930,1,1,0,0,c,c,1990.0,1.0,2012.0,0,,,,False,False,False
1024,7,2015-05-10,0,0,0,0,0,0,c,c,1990.0,1.0,2012.0,0,,,,False,False,False
1026,6,2014-06-21,6656,929,1,0,0,0,c,a,450.0,6.0,2011.0,1,48.0,2012.0,"Mar,Jun,Sept,Dec",False,False,False
1028,7,2013-10-06,0,0,0,0,0,0,a,a,150.0,8.0,2010.0,1,31.0,2013.0,"Jan,Apr,Jul,Oct",False,True,False
1029,2,2014-09-30,7852,1005,1,1,0,0,a,a,1590.0,3.0,2006.0,0,,,,False,False,False
1031,7,2014-04-13,0,0,0,0,0,0,d,a,590.0,5.0,2001.0,0,,,,False,False,False
1031,3,2014-05-14,3491,340,1,0,0,0,d,a,590.0,5.0,2001.0,0,,,,False,False,False
1031,1,2014-11-10,6853,598,1,1,0,0,d,a,590.0,5.0,2001.0,0,,,,False,False,False
1033,2,2013-03-26,16031,1532,1,1,0,1,a,a,7680.0,3.0,2006.0,0,,,,False,False,False
1036,7,2013-04-21,0,0,0,0,0,0,d,c,9560.0,8.0,2010.0,1,36.0,2013.0,"Jan,Apr,Jul,Oct",False,True,False
1036,4,2014-04-03,5194,492,1,1,0,0,d,c,9560.0,8.0,2010.0,1,36.0,2013.0,"Jan,Apr,Jul,Oct",False,True,False
1037,2,2013-01-01,0,0,0,0,a,1,a,c,150.0,8.0,2010.0,0,,,,False,True,False
1037,2,2014-10-07,5523,667,1,1,0,1,a,c,150.0,8.0,2010.0,0,,,,False,True,False
1037,5,2014-10-24,6351,791,1,1,0,0,a,c,150.0,8.0,2010.0,0,,,,False,True,False
1038,4,2014-01-16,4485,415,1,0,0,0,d,a,17290.0,10.0,2013.0,0,,,,False,False,False
1039,3,2013-11-27,7658,1013,1,0,0,0,a,c,70.0,6.0,1990.0,1,22.0,2012.0,"Mar,Jun,Sept,Dec",False,False,False
1040,3,2013-08-07,6233,705,1,0,0,1,a,a,4030.0,2.0,2013.0,1,10.0,2014.0,"Jan,Apr,Jul,Oct",False,False,False
1041,1,2013-10-14,5215,657,1,0,0,0,c,a,1600.0,8.0,2013.0,1,40.0,2014.0,"Jan,Apr,Jul,Oct",False,False,False
1042,5,2013-12-27,4402,571,1,0,0,1,a,a,3440.0,8.0,2010.0,1,31.0,2013.0,"Feb,May,Aug,Nov",False,True,False
1043,6,2013-12-21,17270,2274,1,0,0,0,c,a,420.0,3.0,2006.0,0,,,,False,False,False
1043,2,2015-06-23,5868,869,1,0,0,0,c,a,420.0,3.0,2006.0,0,,,,False,False,False
1044,3,2014-02-26,4856,714,1,0,0,0,c,a,240.0,4.0,2015.0,1,13.0,2010.0,"Jan,Apr,Jul,Oct",False,False,False
1045,2,2014-06-10,9847,1190,1,0,0,0,a,c,26990.0,12.0,2013.0,0,,,,False,False,False
1046,3,2013-05-15,8504,675,1,1,0,1,d,c,29070.0,4.0,2005.0,0,,,,False,False,False
1046,5,2014-05-16,7662,659,1,0,0,0,d,c,29070.0,4.0,2005.0,0,,,,False,False,False
1046,4,2014-09-04,9395,734,1,1,0,0,d,c,29070.0,4.0,2005.0,0,,,,False,False,False
1046,2,2015-05-05,9598,705,1,1,0,0,d,c,29070.0,4.0,2005.0,0,,,,False,False,False
1047,2,2013-03-19,5558,577,1,1,0,0,a,a,3750.0,8.0,2010.0,1,45.0,2009.0,"Feb,May,Aug,Nov",False,True,False
1047,3,2013-10-09,4994,538,1,1,0,0,a,a,3750.0,8.0,2010.0,1,45.0,2009.0,"Feb,May,Aug,Nov",False,True,False
1047,7,2015-05-03,0,0,0,0,0,0,a,a,3750.0,8.0,2010.0,1,45.0,2009.0,"Feb,May,Aug,Nov",False,True,False
1047,3,2015-06-10,4135,461,1,0,0,0,a,a,3750.0,8.0,2010.0,1,45.0,2009.0,"Feb,May,Aug,Nov",False,True,False
1049,6,2013-08-24,2750,464,1,0,0,0,a,a,370.0,7.0,2012.0,1,14.0,2011.0,"Jan,Apr,Jul,Oct",False,False,False
1049,7,2013-12-08,0,0,0,0,0,0,a,a,370.0,7.0,2012.0,1,14.0,2011.0,"Jan,Apr,Jul,Oct",False,False,False
1049,5,2014-01-31,4086,655,1,0,0,0,a,a,370.0,7.0,2012.0,1,14.0,2011.0,"Jan,Apr,Jul,Oct",False,False,False
1051,7,2014-01-05,0,0,0,0,0,0,c,a,200.0,7.0,1998.0,1,1.0,2012.0,"Jan,Apr,Jul,Oct",False,False,False
1052,6,2014-10-11,4654,529,1,0,0,0,a,c,5080.0,8.0,2010.0,1,31.0,2013.0,"Feb,May,Aug,Nov",False,True,False
1053,3,2013-02-13,7810,989,1,0,0,0,a,a,1710.0,7.0,2015.0,0,,,,False,False,False
1053,2,2013-08-06,7540,911,1,0,0,1,a,a,1710.0,7.0,2015.0,0,,,,False,False,False
1053,1,2014-05-26,7504,957,1,0,0,0,a,a,1710.0,7.0,2015.0,0,,,,False,False,False
1055,7,2013-07-14,0,0,0,0,0,0,c,a,1980.0,4.0,2009.0,0,,,,False,False,False
1055,2,2013-09-17,5763,812,1,0,0,0,c,a,1980.0,4.0,2009.0,0,,,,False,False,False
1056,2,2014-06-10,3505,354,1,0,0,1,d,c,5350.0,8.0,2010.0,1,40.0,2012.0,"Jan,Apr,Jul,Oct",False,True,False
1056,7,2015-05-24,0,0,0,0,0,0,d,c,5350.0,8.0,2010.0,1,40.0,2012.0,"Jan,Apr,Jul,Oct",False,True,False
1056,7,2015-07-19,0,0,0,0,0,0,d,c,5350.0,8.0,2010.0,1,40.0,2012.0,"Jan,Apr,Jul,Oct",False,True,False
1057,3,2013-01-09,6323,576,1,1,0,0,d,c,3230.0,11.0,2011.0,0,,,,False,False,False
1057,1,2014-01-20,8034,726,1,1,0,0,d,c,3230.0,11.0,2011.0,0,,,,False,False,False
1058,4,2013-09-05,5264,589,1,0,0,0,a,c,180.0,8.0,2010.0,1,35.0,2010.0,"Mar,Jun,Sept,Dec",False,True,False
1058,2,2014-01-07,10304,906,1,1,0,1,a,c,180.0,8.0,2010.0,1,35.0,2010.0,"Mar,Jun,Sept,Dec",False,True,False
1058,2,2014-02-11,5936,705,1,0,0,0,a,c,180.0,8.0,2010.0,1,35.0,2010.0,"Mar,Jun,Sept,Dec",False,True,False
1058,4,2015-05-07,8028,754,1,1,0,0,a,c,180.0,8.0,2010.0,1,35.0,2010.0,"Mar,Jun,Sept,Dec",False,True,False
1058,1,2015-06-15,11990,955,1,1,0,0,a,c,180.0,8.0,2010.0,1,35.0,2010.0,"Mar,Jun,Sept,Dec",False,True,False
1059,3,2014-07-16,8669,1149,1,1,0,1,c,a,3380.0,4.0,2013.0,0,,,,False,False,False
1060,2,2014-11-25,8706,913,1,1,0,0,a,c,3430.0,8.0,2010.0,1,31.0,2013.0,"Feb,May,Aug,Nov",False,True,False
1060,7,2015-02-08,0,0,0,0,0,0,a,c,3430.0,8.0,2010.0,1,31.0,2013.0,"Feb,May,Aug,Nov",False,True,False
1061,4,2013-01-03,5848,459,1,0,0,1,d,c,8110.0,8.0,2010.0,0,,,,False,True,False
1061,7,2013-11-10,0,0,0,0,0,0,d,c,8110.0,8.0,2010.0,0,,,,False,True,False
1062,6,2013-06-01,5982,599,1,0,0,0,d,a,190.0,9.0,2012.0,1,40.0,2012.0,"Feb,May,Aug,Nov",False,False,False
1063,4,2013-03-07,4240,520,1,1,0,1,a,c,6250.0,8.0,2010.0,0,,,,False,True,False
1063,1,2013-04-15,3399,483,1,0,0,0,a,c,6250.0,8.0,2010.0,0,,,,False,True,False
1063,4,2014-04-17,5430,678,1,1,0,0,a,c,6250.0,8.0,2010.0,0,,,,False,True,False
1063,3,2014-04-30,4750,614,1,1,0,1,a,c,6250.0,8.0,2010.0,0,,,,False,True,False
1065,5,2013-01-11,4451,540,1,1,0,0,a,a,1290.0,8.0,2010.0,1,35.0,2011.0,"Mar,Jun,Sept,Dec",False,True,False
1065,1,2013-01-28,3628,480,1,0,0,0,a,a,1290.0,8.0,2010.0,1,35.0,2011.0,"Mar,Jun,Sept,Dec",False,True,False
1065,5,2013-04-05,4134,495,1,0,0,1,a,a,1290.0,8.0,2010.0,1,35.0,2011.0,"Mar,Jun,Sept,Dec",False,True,False
1065,7,2014-04-13,0,0,0,0,0,0,a,a,1290.0,8.0,2010.0,1,35.0,2011.0,"Mar,Jun,Sept,Dec",False,True,False
1066,6,2014-02-01,10557,1023,1,0,0,0,a,a,3350.0,8.0,2010.0,0,,,,False,True,False
1068,6,2013-02-02,5227,366,1,0,0,0,d,c,5010.0,8.0,2010.0,1,5.0,2013.0,"Jan,Apr,Jul,Oct",False,True,False
1068,7,2013-06-23,0,0,0,0,0,0,d,c,5010.0,8.0,2010.0,1,5.0,2013.0,"Jan,Apr,Jul,Oct",False,True,False
1069,2,2014-08-05,7158,839,1,1,0,1,a,c,18050.0,8.0,2010.0,1,14.0,2011.0,"Jan,Apr,Jul,Oct",False,True,False
1070,5,2014-12-26,0,0,0,0,c,1,c,c,400.0,10.0,2008.0,0,,,,False,False,False
1071,6,2013-03-23,3953,502,1,0,0,0,a,a,820.0,3.0,2012.0,1,35.0,2012.0,"Mar,Jun,Sept,Dec",False,False,False
1072,6,2014-11-29,4929,439,1,0,0,0,a,c,5380.0,8.0,2015.0,1,5.0,2010.0,"Feb,May,Aug,Nov",False,False,False
1072,2,2015-07-28,8578,710,1,1,0,1,a,c,5380.0,8.0,2015.0,1,5.0,2010.0,"Feb,May,Aug,Nov",False,False,False
1073,1,2015-02-09,6633,897,1,0,0,0,a,c,1710.0,8.0,2010.0,1,44.0,2012.0,"Jan,Apr,Jul,Oct",False,True,False
1075,1,2013-02-11,11070,1092,1,0,0,0,a,c,1410.0,10.0,2013.0,0,,,,False,False,False
1075,2,2014-05-06,12106,1106,1,1,0,0,a,c,1410.0,10.0,2013.0,0,,,,False,False,False
1076,5,2013-01-04,3088,500,1,0,0,1,a,c,90.0,8.0,2010.0,1,1.0,2013.0,"Jan,Apr,Jul,Oct",False,True,False
1076,1,2013-09-16,3315,569,1,0,0,0,a,c,90.0,8.0,2010.0,1,1.0,2013.0,"Jan,Apr,Jul,Oct",False,True,False
1076,3,2013-12-18,4345,600,1,1,0,0,a,c,90.0,8.0,2010.0,1,1.0,2013.0,"Jan,Apr,Jul,Oct",False,True,False
1076,4,2014-06-12,2905,524,1,0,0,0,a,c,90.0,8.0,2010.0,1,1.0,2013.0,"Jan,Apr,Jul,Oct",False,True,False
1077,4,2013-01-03,3675,460,1,0,0,1,a,a,3750.0,11.0,2001.0,1,35.0,2010.0,"Mar,Jun,Sept,Dec",False,False,False
1078,4,2013-08-22,4462,421,1,0,0,1,d,c,670.0,8.0,2010.0,1,40.0,2011.0,"Jan,Apr,Jul,Oct",False,True,False
1078,6,2014-07-12,5579,471,1,0,0,0,d,c,670.0,8.0,2010.0,1,40.0,2011.0,"Jan,Apr,Jul,Oct",False,True,False
1078,7,2014-10-26,0,0,0,0,0,0,d,c,670.0,8.0,2010.0,1,40.0,2011.0,"Jan,Apr,Jul,Oct",False,True,False
1078,7,2014-11-23,0,0,0,0,0,0,d,c,670.0,8.0,2010.0,1,40.0,2011.0,"Jan,Apr,Jul,Oct",False,True,False
1079,4,2014-06-19,0,0,0,1,a,0,a,a,16680.0,8.0,2010.0,1,37.0,2009.0,"Jan,Apr,Jul,Oct",False,True,False
1080,2,2013-04-30,11648,968,1,1,0,0,a,a,2410.0,8.0,2010.0,1,40.0,2014.0,"Jan,Apr,Jul,Oct",False,True,False
1080,6,2013-06-22,9414,753,1,0,0,0,a,a,2410.0,8.0,2010.0,1,40.0,2014.0,"Jan,Apr,Jul,Oct",False,True,False
1081,7,2014-11-23,6346,932,1,0,0,0,b,a,400.0,3.0,2006.0,0,,,,False,False,False
1081,1,2015-02-09,4799,792,1,0,0,0,b,a,400.0,3.0,2006.0,0,,,,False,False,False
1082,6,2013-04-20,5004,818,1,0,0,0,c,a,440.0,4.0,2002.0,0,,,,False,False,False
1082,7,2014-01-12,0,0,0,0,0,0,c,a,440.0,4.0,2002.0,0,,,,False,False,False
1082,7,2014-09-07,0,0,0,0,0,0,c,a,440.0,4.0,2002.0,0,,,,False,False,False
1082,3,2015-06-03,7237,940,1,1,0,0,c,a,440.0,4.0,2002.0,0,,,,False,False,False
1083,4,2015-02-26,4289,336,1,0,0,0,d,c,11540.0,8.0,2010.0,1,5.0,2013.0,"Feb,May,Aug,Nov",False,True,False
1085,3,2013-08-21,7277,779,1,0,0,0,c,a,4030.0,2.0,2015.0,0,,,,False,False,False
1085,2,2013-11-19,9217,832,1,1,0,0,c,a,4030.0,2.0,2015.0,0,,,,False,False,False
1085,6,2014-02-01,6152,593,1,0,0,0,c,a,4030.0,2.0,2015.0,0,,,,False,False,False
1086,4,2014-01-02,6286,786,1,0,0,1,a,a,180.0,11.0,2013.0,1,18.0,2011.0,"Feb,May,Aug,Nov",False,False,False
1086,3,2015-04-22,4143,546,1,0,0,0,a,a,180.0,11.0,2013.0,1,18.0,2011.0,"Feb,May,Aug,Nov",False,False,False
1087,7,2013-12-01,0,0,0,0,0,0,d,c,2210.0,11.0,2011.0,0,,,,False,False,False
1087,5,2014-02-14,6251,628,1,0,0,0,d,c,2210.0,11.0,2011.0,0,,,,False,False,False
1088,5,2014-01-31,5289,509,1,0,0,0,a,a,4300.0,3.0,2009.0,1,27.0,2013.0,"Jan,Apr,Jul,Oct",False,False,False
1088,4,2014-05-22,5751,525,1,1,0,0,a,a,4300.0,3.0,2009.0,1,27.0,2013.0,"Jan,Apr,Jul,Oct",False,False,False
1088,5,2014-09-05,6003,551,1,1,0,0,a,a,4300.0,3.0,2009.0,1,27.0,2013.0,"Jan,Apr,Jul,Oct",False,False,False
1088,5,2015-06-05,7588,663,1,1,0,0,a,a,4300.0,3.0,2009.0,1,27.0,2013.0,"Jan,Apr,Jul,Oct",False,False,False
1089,1,2013-05-20,0,0,0,0,a,0,d,a,5220.0,5.0,2009.0,0,,,,False,False,False
1089,2,2013-06-25,7954,846,1,0,0,0,d,a,5220.0,5.0,2009.0,0,,,,False,False,False
1089,5,2014-04-11,9637,981,1,0,0,0,d,a,5220.0,5.0,2009.0,0,,,,False,False,False
1090,6,2013-08-10,2644,343,1,0,0,0,a,a,330.0,8.0,2010.0,1,14.0,2011.0,"Jan,Apr,Jul,Oct",False,True,False
1090,4,2014-08-14,5795,760,1,0,0,1,a,a,330.0,8.0,2010.0,1,14.0,2011.0,"Jan,Apr,Jul,Oct",False,True,False
1090,2,2014-10-21,7488,927,1,1,0,1,a,a,330.0,8.0,2010.0,1,14.0,2011.0,"Jan,Apr,Jul,Oct",False,True,False
1090,1,2014-12-29,8364,936,1,0,0,1,a,a,330.0,8.0,2010.0,1,14.0,2011.0,"Jan,Apr,Jul,Oct",False,True,False
1090,5,2015-05-29,6436,813,1,0,0,0,a,a,330.0,8.0,2010.0,1,14.0,2011.0,"Jan,Apr,Jul,Oct",False,True,False
1091,4,2014-12-25,0,0,0,0,c,1,a,c,9990.0,8.0,2010.0,0,,,,False,True,False
1093,7,2013-12-15,0,0,0,0,0,0,c,c,10450.0,6.0,2009.0,0,,,,False,False,False
1094,3,2013-12-18,6350,458,1,1,0,0,d,a,2380.0,3.0,2013.0,1,40.0,2014.0,"Jan,Apr,Jul,Oct",False,False,False
1095,7,2013-03-17,0,0,0,0,0,0,a,a,690.0,6.0,2007.0,1,14.0,2011.0,"Jan,Apr,Jul,Oct",False,False,False
1095,6,2013-08-03,2269,421,1,0,0,0,a,a,690.0,6.0,2007.0,1,14.0,2011.0,"Jan,Apr,Jul,Oct",False,False,False
1095,5,2013-12-27,5259,787,1,0,0,1,a,a,690.0,6.0,2007.0,1,14.0,2011.0,"Jan,Apr,Jul,Oct",False,False,False
1096,3,2013-03-06,4527,609,1,1,0,0,a,c,1130.0,8.0,2010.0,1,10.0,2014.0,"Mar,Jun,Sept,Dec",False,True,False
1096,6,2013-08-24,3425,449,1,0,0,0,a,c,1130.0,8.0,2010.0,1,10.0,2014.0,"Mar,Jun,Sept,Dec",False,True,False
1097,3,2014-10-29,9102,2413,1,0,0,1,b,b,720.0,3.0,2002.0,0,,,,False,False,False
1099,3,2014-02-19,6598,775,1,1,0,0,a,c,200.0,4.0,2013.0,1,14.0,2013.0,"Jan,Apr,Jul,Oct",False,False,False
1099,6,2014-12-27,8399,1086,1,0,0,0,a,c,200.0,4.0,2013.0,1,14.0,2013.0,"Jan,Apr,Jul,Oct",False,False,False
1102,1,2013-01-14,5979,697,1,0,0,0,a,a,850.0,11.0,2012.0,1,40.0,2014.0,"Jan,Apr,Jul,Oct",False,False,False
1102,4,2014-03-20,6870,764,1,1,0,0,a,a,850.0,11.0,2012.0,1,40.0,2014.0,"Jan,Apr,Jul,Oct",False,False,False
1102,2,2015-04-28,7226,633,1,1,0,0,a,a,850.0,11.0,2012.0,1,40.0,2014.0,"Jan,Apr,Jul,Oct",False,False,False
1103,4,2013-07-25,2908,240,1,0,0,1,d,c,1340.0,10.0,2006.0,1,5.0,2013.0,"Feb,May,Aug,Nov",False,False,False
1103,2,2014-07-15,5658,430,1,1,0,0,d,c,1340.0,10.0,2006.0,1,5.0,2013.0,"Feb,May,Aug,Nov",False,False,False
1104,3,2015-06-03,6142,496,1,1,0,1,d,a,260.0,2.0,2012.0,1,14.0,2011.0,"Jan,Apr,Jul,Oct",False,False,False
1105,5,2013-03-29,0,0,0,1,b,1,c,c,330.0,11.0,2008.0,1,5.0,2013.0,"Feb,May,Aug,Nov",False,False,False
1105,6,2014-05-17,3971,437,1,0,0,0,c,c,330.0,11.0,2008.0,1,5.0,2013.0,"Feb,May,Aug,Nov",False,False,False
1106,2,2013-08-20,4458,566,1,0,0,0,a,c,5330.0,9.0,2011.0,1,31.0,2013.0,"Jan,Apr,Jul,Oct",False,False,False
1106,6,2014-12-06,3638,421,1,0,0,0,a,c,5330.0,9.0,2011.0,1,31.0,2013.0,"Jan,Apr,Jul,Oct",False,False,False
1107,4,2014-04-10,5117,596,1,0,0,0,a,a,1400.0,6.0,2012.0,1,13.0,2010.0,"Jan,Apr,Jul,Oct",False,False,False
1107,5,2015-03-13,4975,573,1,0,0,0,a,a,1400.0,6.0,2012.0,1,13.0,2010.0,"Jan,Apr,Jul,Oct",False,False,False
1107,4,2015-04-16,6267,682,1,1,0,0,a,a,1400.0,6.0,2012.0,1,13.0,2010.0,"Jan,Apr,Jul,Oct",False,False,False
1108,5,2013-02-22,6117,615,1,1,0,0,a,a,540.0,4.0,2004.0,0,,,,False,False,False
1108,4,2014-07-17,7301,727,1,1,0,0,a,a,540.0,4.0,2004.0,0,,,,False,False,False
1109,4,2015-07-30,5520,466,1,1,0,0,c,a,3490.0,4.0,2011.0,1,22.0,2012.0,"Jan,Apr,Jul,Oct",False,False,False
1110,5,2013-08-30,7081,707,1,1,0,0,c,c,900.0,9.0,2010.0,0,,,,False,False,False
1110,1,2014-12-01,7977,792,1,1,0,0,c,c,900.0,9.0,2010.0,0,,,,False,False,False
1112,5,2014-02-28,9025,753,1,0,0,0,c,c,1880.0,4.0,2006.0,0,,,,False,False,False
1112,6,2014-06-14,8054,722,1,0,0,0,c,c,1880.0,4.0,2006.0,0,,,,False,False,False
1112,3,2015-02-25,6015,602,1,0,0,0,c,c,1880.0,4.0,2006.0,0,,,,False,False,False
1112,1,2015-06-15,16062,1145,1,1,0,0,c,c,1880.0,4.0,2006.0,0,,,,False,False,False
1114,4,2013-01-03,18463,3211,1,0,0,1,a,c,870.0,8.0,2010.0,0,,,,False,True,False
1114,7,2013-01-27,0,0,0,0,0,0,a,c,870.0,8.0,2010.0,0,,,,False,True,False
1114,5,2015-07-03,23750,3675,1,1,0,0,a,c,870.0,8.0,2010.0,0,,,,False,True,False
1115,1,2014-11-10,7704,522,1,1,0,0,d,c,5350.0,8.0,2010.0,1,22.0,2012.0,"Mar,Jun,Sept,Dec",False,True,False
